{"data":[{
 "ObjectIdentifier": "S-1-5-21-1416213050-106196312-571527550-1102",
 "Properties": {
  "domain": "COMPLYEDGE.COM",
  "domainsid": "S-1-5-21-1416213050-106196312-571527550",
  "highvalue": false,
  "name": "DNSUPDATEPROXY@COMPLYEDGE.COM",
  "distinguishedname": "CN=DNSUPDATEPROXY,CN=USERS,DC=COMPLYEDGE,DC=COM",
  "admincount": false,
  "description": "DNS clients who are permitted to perform dynamic updates on behalf of some other clients (such as DHCP servers).",
  "samaccountname": "DnsUpdateProxy",
  "whencreated": 1594844930
 },
 "Members": [],
 "Aces": [
  {
   "RightName": "GenericAll",
   "IsInherited": false,
   "PrincipalSID": "S-1-5-21-1416213050-106196312-571527550-512",
   "PrincipalType": "Group"
  },
  {
   "RightName": "GenericAll",
   "IsInherited": false,
   "PrincipalSID": "COMPLYEDGE.COM-S-1-5-32-548",
   "PrincipalType": "Group"
  },
  {
   "RightName": "GenericAll",
   "IsInherited": true,
   "PrincipalSID": "S-1-5-21-1416213050-106196312-571527550-519",
   "PrincipalType": "Group"
  },
  {
   "RightName": "GenericWrite",
   "IsInherited": true,
   "PrincipalSID": "COMPLYEDGE.COM-S-1-5-32-544",
   "PrincipalType": "Group"
  },
  {
   "RightName": "WriteOwner",
   "IsInherited": true,
   "PrincipalSID": "COMPLYEDGE.COM-S-1-5-32-544",
   "PrincipalType": "Group"
  },
  {
   "RightName": "WriteDacl",
   "IsInherited": true,
   "PrincipalSID": "COMPLYEDGE.COM-S-1-5-32-544",
   "PrincipalType": "Group"
  }
 ],
 "IsDeleted": false,
 "IsACLProtected": false
},{
 "ObjectIdentifier": "S-1-5-21-1416213050-106196312-571527550-1101",
 "Properties": {
  "domain": "COMPLYEDGE.COM",
  "domainsid": "S-1-5-21-1416213050-106196312-571527550",
  "highvalue": false,
  "name": "DNSADMINS@COMPLYEDGE.COM",
  "distinguishedname": "CN=DNSADMINS,CN=USERS,DC=COMPLYEDGE,DC=COM",
  "admincount": false,
  "description": "DNS Administrators Group",
  "samaccountname": "DnsAdmins",
  "whencreated": 1594844930
 },
 "Members": [],
 "Aces": [
  {
   "RightName": "GenericAll",
   "IsInherited": false,
   "PrincipalSID": "S-1-5-21-1416213050-106196312-571527550-512",
   "PrincipalType": "Group"
  },
  {
   "RightName": "GenericAll",
   "IsInherited": false,
   "PrincipalSID": "COMPLYEDGE.COM-S-1-5-32-548",
   "PrincipalType": "Group"
  },
  {
   "RightName": "GenericAll",
   "IsInherited": true,
   "PrincipalSID": "S-1-5-21-1416213050-106196312-571527550-519",
   "PrincipalType": "Group"
  },
  {
   "RightName": "GenericWrite",
   "IsInherited": true,
   "PrincipalSID": "COMPLYEDGE.COM-S-1-5-32-544",
   "PrincipalType": "Group"
  },
  {
   "RightName": "WriteOwner",
   "IsInherited": true,
   "PrincipalSID": "COMPLYEDGE.COM-S-1-5-32-544",
   "PrincipalType": "Group"
  },
  {
   "RightName": "WriteDacl",
   "IsInherited": true,
   "PrincipalSID": "COMPLYEDGE.COM-S-1-5-32-544",
   "PrincipalType": "Group"
  }
 ],
 "IsDeleted": false,
 "IsACLProtected": false
},{
 "ObjectIdentifier": "S-1-5-21-1416213050-106196312-571527550-527",
 "Properties": {
  "domain": "COMPLYEDGE.COM",
  "domainsid": "S-1-5-21-1416213050-106196312-571527550",
  "highvalue": false,
  "name": "ENTERPRISE KEY ADMINS@COMPLYEDGE.COM",
  "distinguishedname": "CN=ENTERPRISE KEY ADMINS,CN=USERS,DC=COMPLYEDGE,DC=COM",
  "admincount": true,
  "description": "Members of this group can perform administrative actions on key objects within the forest.",
  "samaccountname": "Enterprise Key Admins",
  "whencreated": 1594844890
 },
 "Members": [],
 "Aces": [
  {
   "RightName": "Owns",
   "IsInherited": false,
   "PrincipalSID": "S-1-5-21-1416213050-106196312-571527550-512",
   "PrincipalType": "Group"
  },
  {
   "RightName": "GenericWrite",
   "IsInherited": false,
   "PrincipalSID": "S-1-5-21-1416213050-106196312-571527550-512",
   "PrincipalType": "Group"
  },
  {
   "RightName": "WriteOwner",
   "IsInherited": false,
   "PrincipalSID": "S-1-5-21-1416213050-106196312-571527550-512",
   "PrincipalType": "Group"
  },
  {
   "RightName": "WriteDacl",
   "IsInherited": false,
   "PrincipalSID": "S-1-5-21-1416213050-106196312-571527550-512",
   "PrincipalType": "Group"
  },
  {
   "RightName": "GenericWrite",
   "IsInherited": false,
   "PrincipalSID": "S-1-5-21-1416213050-106196312-571527550-519",
   "PrincipalType": "Group"
  },
  {
   "RightName": "WriteOwner",
   "IsInherited": false,
   "PrincipalSID": "S-1-5-21-1416213050-106196312-571527550-519",
   "PrincipalType": "Group"
  },
  {
   "RightName": "WriteDacl",
   "IsInherited": false,
   "PrincipalSID": "S-1-5-21-1416213050-106196312-571527550-519",
   "PrincipalType": "Group"
  },
  {
   "RightName": "GenericWrite",
   "IsInherited": false,
   "PrincipalSID": "COMPLYEDGE.COM-S-1-5-32-544",
   "PrincipalType": "Group"
  },
  {
   "RightName": "WriteOwner",
   "IsInherited": false,
   "PrincipalSID": "COMPLYEDGE.COM-S-1-5-32-544",
   "PrincipalType": "Group"
  },
  {
   "RightName": "WriteDacl",
   "IsInherited": false,
   "PrincipalSID": "COMPLYEDGE.COM-S-1-5-32-544",
   "PrincipalType": "Group"
  }
 ],
 "IsDeleted": false,
 "IsACLProtected": true
},{
 "ObjectIdentifier": "S-1-5-21-1416213050-106196312-571527550-526",
 "Properties": {
  "domain": "COMPLYEDGE.COM",
  "domainsid": "S-1-5-21-1416213050-106196312-571527550",
  "highvalue": false,
  "name": "KEY ADMINS@COMPLYEDGE.COM",
  "distinguishedname": "CN=KEY ADMINS,CN=USERS,DC=COMPLYEDGE,DC=COM",
  "admincount": true,
  "description": "Members of this group can perform administrative actions on key objects within the domain.",
  "samaccountname": "Key Admins",
  "whencreated": 1594844890
 },
 "Members": [],
 "Aces": [
  {
   "RightName": "Owns",
   "IsInherited": false,
   "PrincipalSID": "S-1-5-21-1416213050-106196312-571527550-512",
   "PrincipalType": "Group"
  },
  {
   "RightName": "GenericWrite",
   "IsInherited": false,
   "PrincipalSID": "S-1-5-21-1416213050-106196312-571527550-512",
   "PrincipalType": "Group"
  },
  {
   "RightName": "WriteOwner",
   "IsInherited": false,
   "PrincipalSID": "S-1-5-21-1416213050-106196312-571527550-512",
   "PrincipalType": "Group"
  },
  {
   "RightName": "WriteDacl",
   "IsInherited": false,
   "PrincipalSID": "S-1-5-21-1416213050-106196312-571527550-512",
   "PrincipalType": "Group"
  },
  {
   "RightName": "GenericWrite",
   "IsInherited": false,
   "PrincipalSID": "S-1-5-21-1416213050-106196312-571527550-519",
   "PrincipalType": "Group"
  },
  {
   "RightName": "WriteOwner",
   "IsInherited": false,
   "PrincipalSID": "S-1-5-21-1416213050-106196312-571527550-519",
   "PrincipalType": "Group"
  },
  {
   "RightName": "WriteDacl",
   "IsInherited": false,
   "PrincipalSID": "S-1-5-21-1416213050-106196312-571527550-519",
   "PrincipalType": "Group"
  },
  {
   "RightName": "GenericWrite",
   "IsInherited": false,
   "PrincipalSID": "COMPLYEDGE.COM-S-1-5-32-544",
   "PrincipalType": "Group"
  },
  {
   "RightName": "WriteOwner",
   "IsInherited": false,
   "PrincipalSID": "COMPLYEDGE.COM-S-1-5-32-544",
   "PrincipalType": "Group"
  },
  {
   "RightName": "WriteDacl",
   "IsInherited": false,
   "PrincipalSID": "COMPLYEDGE.COM-S-1-5-32-544",
   "PrincipalType": "Group"
  }
 ],
 "IsDeleted": false,
 "IsACLProtected": true
},{
 "ObjectIdentifier": "S-1-5-21-1416213050-106196312-571527550-525",
 "Properties": {
  "domain": "COMPLYEDGE.COM",
  "domainsid": "S-1-5-21-1416213050-106196312-571527550",
  "highvalue": false,
  "name": "PROTECTED USERS@COMPLYEDGE.COM",
  "distinguishedname": "CN=PROTECTED USERS,CN=USERS,DC=COMPLYEDGE,DC=COM",
  "admincount": false,
  "description": "Members of this group are afforded additional protections against authentication security threats. See http://go.microsoft.com/fwlink/?LinkId=298939 for more information.",
  "samaccountname": "Protected Users",
  "whencreated": 1594844890
 },
 "Members": [],
 "Aces": [
  {
   "RightName": "Owns",
   "IsInherited": false,
   "PrincipalSID": "S-1-5-21-1416213050-106196312-571527550-512",
   "PrincipalType": "Group"
  },
  {
   "RightName": "GenericAll",
   "IsInherited": false,
   "PrincipalSID": "S-1-5-21-1416213050-106196312-571527550-512",
   "PrincipalType": "Group"
  },
  {
   "RightName": "GenericAll",
   "IsInherited": false,
   "PrincipalSID": "COMPLYEDGE.COM-S-1-5-32-548",
   "PrincipalType": "Group"
  },
  {
   "RightName": "GenericAll",
   "IsInherited": true,
   "PrincipalSID": "S-1-5-21-1416213050-106196312-571527550-519",
   "PrincipalType": "Group"
  },
  {
   "RightName": "GenericWrite",
   "IsInherited": true,
   "PrincipalSID": "COMPLYEDGE.COM-S-1-5-32-544",
   "PrincipalType": "Group"
  },
  {
   "RightName": "WriteOwner",
   "IsInherited": true,
   "PrincipalSID": "COMPLYEDGE.COM-S-1-5-32-544",
   "PrincipalType": "Group"
  },
  {
   "RightName": "WriteDacl",
   "IsInherited": true,
   "PrincipalSID": "COMPLYEDGE.COM-S-1-5-32-544",
   "PrincipalType": "Group"
  }
 ],
 "IsDeleted": false,
 "IsACLProtected": false
},{
 "ObjectIdentifier": "S-1-5-21-1416213050-106196312-571527550-522",
 "Properties": {
  "domain": "COMPLYEDGE.COM",
  "domainsid": "S-1-5-21-1416213050-106196312-571527550",
  "highvalue": false,
  "name": "CLONEABLE DOMAIN CONTROLLERS@COMPLYEDGE.COM",
  "distinguishedname": "CN=CLONEABLE DOMAIN CONTROLLERS,CN=USERS,DC=COMPLYEDGE,DC=COM",
  "admincount": false,
  "description": "Members of this group that are domain controllers may be cloned.",
  "samaccountname": "Cloneable Domain Controllers",
  "whencreated": 1594844890
 },
 "Members": [],
 "Aces": [
  {
   "RightName": "Owns",
   "IsInherited": false,
   "PrincipalSID": "S-1-5-21-1416213050-106196312-571527550-512",
   "PrincipalType": "Group"
  },
  {
   "RightName": "GenericAll",
   "IsInherited": false,
   "PrincipalSID": "S-1-5-21-1416213050-106196312-571527550-512",
   "PrincipalType": "Group"
  },
  {
   "RightName": "GenericAll",
   "IsInherited": false,
   "PrincipalSID": "COMPLYEDGE.COM-S-1-5-32-548",
   "PrincipalType": "Group"
  },
  {
   "RightName": "GenericAll",
   "IsInherited": true,
   "PrincipalSID": "S-1-5-21-1416213050-106196312-571527550-519",
   "PrincipalType": "Group"
  },
  {
   "RightName": "GenericWrite",
   "IsInherited": true,
   "PrincipalSID": "COMPLYEDGE.COM-S-1-5-32-544",
   "PrincipalType": "Group"
  },
  {
   "RightName": "WriteOwner",
   "IsInherited": true,
   "PrincipalSID": "COMPLYEDGE.COM-S-1-5-32-544",
   "PrincipalType": "Group"
  },
  {
   "RightName": "WriteDacl",
   "IsInherited": true,
   "PrincipalSID": "COMPLYEDGE.COM-S-1-5-32-544",
   "PrincipalType": "Group"
  }
 ],
 "IsDeleted": false,
 "IsACLProtected": false
},{
 "ObjectIdentifier": "S-1-5-21-1416213050-106196312-571527550-498",
 "Properties": {
  "domain": "COMPLYEDGE.COM",
  "domainsid": "S-1-5-21-1416213050-106196312-571527550",
  "highvalue": false,
  "name": "ENTERPRISE READ-ONLY DOMAIN CONTROLLERS@COMPLYEDGE.COM",
  "distinguishedname": "CN=ENTERPRISE READ-ONLY DOMAIN CONTROLLERS,CN=USERS,DC=COMPLYEDGE,DC=COM",
  "admincount": false,
  "description": "Members of this group are Read-Only Domain Controllers in the enterprise",
  "samaccountname": "Enterprise Read-only Domain Controllers",
  "whencreated": 1594844890
 },
 "Members": [],
 "Aces": [
  {
   "RightName": "Owns",
   "IsInherited": false,
   "PrincipalSID": "S-1-5-21-1416213050-106196312-571527550-512",
   "PrincipalType": "Group"
  },
  {
   "RightName": "GenericAll",
   "IsInherited": false,
   "PrincipalSID": "S-1-5-21-1416213050-106196312-571527550-512",
   "PrincipalType": "Group"
  },
  {
   "RightName": "GenericAll",
   "IsInherited": false,
   "PrincipalSID": "COMPLYEDGE.COM-S-1-5-32-548",
   "PrincipalType": "Group"
  },
  {
   "RightName": "GenericAll",
   "IsInherited": true,
   "PrincipalSID": "S-1-5-21-1416213050-106196312-571527550-519",
   "PrincipalType": "Group"
  },
  {
   "RightName": "GenericWrite",
   "IsInherited": true,
   "PrincipalSID": "COMPLYEDGE.COM-S-1-5-32-544",
   "PrincipalType": "Group"
  },
  {
   "RightName": "WriteOwner",
   "IsInherited": true,
   "PrincipalSID": "COMPLYEDGE.COM-S-1-5-32-544",
   "PrincipalType": "Group"
  },
  {
   "RightName": "WriteDacl",
   "IsInherited": true,
   "PrincipalSID": "COMPLYEDGE.COM-S-1-5-32-544",
   "PrincipalType": "Group"
  }
 ],
 "IsDeleted": false,
 "IsACLProtected": false
},{
 "ObjectIdentifier": "S-1-5-21-1416213050-106196312-571527550-521",
 "Properties": {
  "domain": "COMPLYEDGE.COM",
  "domainsid": "S-1-5-21-1416213050-106196312-571527550",
  "highvalue": false,
  "name": "READ-ONLY DOMAIN CONTROLLERS@COMPLYEDGE.COM",
  "distinguishedname": "CN=READ-ONLY DOMAIN CONTROLLERS,CN=USERS,DC=COMPLYEDGE,DC=COM",
  "admincount": true,
  "description": "Members of this group are Read-Only Domain Controllers in the domain",
  "samaccountname": "Read-only Domain Controllers",
  "whencreated": 1594844890
 },
 "Members": [],
 "Aces": [
  {
   "RightName": "Owns",
   "IsInherited": false,
   "PrincipalSID": "S-1-5-21-1416213050-106196312-571527550-512",
   "PrincipalType": "Group"
  },
  {
   "RightName": "GenericWrite",
   "IsInherited": false,
   "PrincipalSID": "S-1-5-21-1416213050-106196312-571527550-512",
   "PrincipalType": "Group"
  },
  {
   "RightName": "WriteOwner",
   "IsInherited": false,
   "PrincipalSID": "S-1-5-21-1416213050-106196312-571527550-512",
   "PrincipalType": "Group"
  },
  {
   "RightName": "WriteDacl",
   "IsInherited": false,
   "PrincipalSID": "S-1-5-21-1416213050-106196312-571527550-512",
   "PrincipalType": "Group"
  },
  {
   "RightName": "GenericWrite",
   "IsInherited": false,
   "PrincipalSID": "S-1-5-21-1416213050-106196312-571527550-519",
   "PrincipalType": "Group"
  },
  {
   "RightName": "WriteOwner",
   "IsInherited": false,
   "PrincipalSID": "S-1-5-21-1416213050-106196312-571527550-519",
   "PrincipalType": "Group"
  },
  {
   "RightName": "WriteDacl",
   "IsInherited": false,
   "PrincipalSID": "S-1-5-21-1416213050-106196312-571527550-519",
   "PrincipalType": "Group"
  },
  {
   "RightName": "GenericWrite",
   "IsInherited": false,
   "PrincipalSID": "COMPLYEDGE.COM-S-1-5-32-544",
   "PrincipalType": "Group"
  },
  {
   "RightName": "WriteOwner",
   "IsInherited": false,
   "PrincipalSID": "COMPLYEDGE.COM-S-1-5-32-544",
   "PrincipalType": "Group"
  },
  {
   "RightName": "WriteDacl",
   "IsInherited": false,
   "PrincipalSID": "COMPLYEDGE.COM-S-1-5-32-544",
   "PrincipalType": "Group"
  }
 ],
 "IsDeleted": false,
 "IsACLProtected": true
},{
 "ObjectIdentifier": "S-1-5-21-1416213050-106196312-571527550-572",
 "Properties": {
  "domain": "COMPLYEDGE.COM",
  "domainsid": "S-1-5-21-1416213050-106196312-571527550",
  "highvalue": false,
  "name": "DENIED RODC PASSWORD REPLICATION GROUP@COMPLYEDGE.COM",
  "distinguishedname": "CN=DENIED RODC PASSWORD REPLICATION GROUP,CN=USERS,DC=COMPLYEDGE,DC=COM",
  "admincount": false,
  "description": "Members in this group cannot have their passwords replicated to any read-only domain controllers in the domain",
  "samaccountname": "Denied RODC Password Replication Group",
  "whencreated": 1594844890
 },
 "Members": [
  {
   "ObjectIdentifier": "S-1-5-21-1416213050-106196312-571527550-521",
   "ObjectType": "Group"
  },
  {
   "ObjectIdentifier": "S-1-5-21-1416213050-106196312-571527550-520",
   "ObjectType": "Group"
  },
  {
   "ObjectIdentifier": "S-1-5-21-1416213050-106196312-571527550-512",
   "ObjectType": "Group"
  },
  {
   "ObjectIdentifier": "S-1-5-21-1416213050-106196312-571527550-517",
   "ObjectType": "Group"
  },
  {
   "ObjectIdentifier": "S-1-5-21-1416213050-106196312-571527550-519",
   "ObjectType": "Group"
  },
  {
   "ObjectIdentifier": "S-1-5-21-1416213050-106196312-571527550-518",
   "ObjectType": "Group"
  },
  {
   "ObjectIdentifier": "S-1-5-21-1416213050-106196312-571527550-516",
   "ObjectType": "Group"
  },
  {
   "ObjectIdentifier": "S-1-5-21-1416213050-106196312-571527550-502",
   "ObjectType": "User"
  }
 ],
 "Aces": [
  {
   "RightName": "Owns",
   "IsInherited": false,
   "PrincipalSID": "S-1-5-21-1416213050-106196312-571527550-512",
   "PrincipalType": "Group"
  },
  {
   "RightName": "GenericAll",
   "IsInherited": false,
   "PrincipalSID": "S-1-5-21-1416213050-106196312-571527550-512",
   "PrincipalType": "Group"
  },
  {
   "RightName": "GenericAll",
   "IsInherited": false,
   "PrincipalSID": "COMPLYEDGE.COM-S-1-5-32-548",
   "PrincipalType": "Group"
  },
  {
   "RightName": "GenericAll",
   "IsInherited": true,
   "PrincipalSID": "S-1-5-21-1416213050-106196312-571527550-519",
   "PrincipalType": "Group"
  },
  {
   "RightName": "GenericWrite",
   "IsInherited": true,
   "PrincipalSID": "COMPLYEDGE.COM-S-1-5-32-544",
   "PrincipalType": "Group"
  },
  {
   "RightName": "WriteOwner",
   "IsInherited": true,
   "PrincipalSID": "COMPLYEDGE.COM-S-1-5-32-544",
   "PrincipalType": "Group"
  },
  {
   "RightName": "WriteDacl",
   "IsInherited": true,
   "PrincipalSID": "COMPLYEDGE.COM-S-1-5-32-544",
   "PrincipalType": "Group"
  }
 ],
 "IsDeleted": false,
 "IsACLProtected": false
},{
 "ObjectIdentifier": "S-1-5-21-1416213050-106196312-571527550-571",
 "Properties": {
  "domain": "COMPLYEDGE.COM",
  "domainsid": "S-1-5-21-1416213050-106196312-571527550",
  "highvalue": false,
  "name": "ALLOWED RODC PASSWORD REPLICATION GROUP@COMPLYEDGE.COM",
  "distinguishedname": "CN=ALLOWED RODC PASSWORD REPLICATION GROUP,CN=USERS,DC=COMPLYEDGE,DC=COM",
  "admincount": false,
  "description": "Members in this group can have their passwords replicated to all read-only domain controllers in the domain",
  "samaccountname": "Allowed RODC Password Replication Group",
  "whencreated": 1594844890
 },
 "Members": [],
 "Aces": [
  {
   "RightName": "Owns",
   "IsInherited": false,
   "PrincipalSID": "S-1-5-21-1416213050-106196312-571527550-512",
   "PrincipalType": "Group"
  },
  {
   "RightName": "GenericAll",
   "IsInherited": false,
   "PrincipalSID": "S-1-5-21-1416213050-106196312-571527550-512",
   "PrincipalType": "Group"
  },
  {
   "RightName": "GenericAll",
   "IsInherited": false,
   "PrincipalSID": "COMPLYEDGE.COM-S-1-5-32-548",
   "PrincipalType": "Group"
  },
  {
   "RightName": "GenericAll",
   "IsInherited": true,
   "PrincipalSID": "S-1-5-21-1416213050-106196312-571527550-519",
   "PrincipalType": "Group"
  },
  {
   "RightName": "GenericWrite",
   "IsInherited": true,
   "PrincipalSID": "COMPLYEDGE.COM-S-1-5-32-544",
   "PrincipalType": "Group"
  },
  {
   "RightName": "WriteOwner",
   "IsInherited": true,
   "PrincipalSID": "COMPLYEDGE.COM-S-1-5-32-544",
   "PrincipalType": "Group"
  },
  {
   "RightName": "WriteDacl",
   "IsInherited": true,
   "PrincipalSID": "COMPLYEDGE.COM-S-1-5-32-544",
   "PrincipalType": "Group"
  }
 ],
 "IsDeleted": false,
 "IsACLProtected": false
},{
 "ObjectIdentifier": "COMPLYEDGE.COM-S-1-5-32-561",
 "Properties": {
  "domain": "COMPLYEDGE.COM",
  "domainsid": "S-1-5-21-1416213050-106196312-571527550",
  "highvalue": false,
  "name": "TERMINAL SERVER LICENSE SERVERS@COMPLYEDGE.COM",
  "distinguishedname": "CN=TERMINAL SERVER LICENSE SERVERS,CN=BUILTIN,DC=COMPLYEDGE,DC=COM",
  "admincount": false,
  "description": "Members of this group can update user accounts in Active Directory with information about license issuance, for the purpose of tracking and reporting TS Per User CAL usage",
  "samaccountname": "Terminal Server License Servers",
  "whencreated": 1594844890
 },
 "Members": [],
 "Aces": [
  {
   "RightName": "Owns",
   "IsInherited": false,
   "PrincipalSID": "S-1-5-21-1416213050-106196312-571527550-512",
   "PrincipalType": "Group"
  },
  {
   "RightName": "GenericAll",
   "IsInherited": false,
   "PrincipalSID": "S-1-5-21-1416213050-106196312-571527550-512",
   "PrincipalType": "Group"
  },
  {
   "RightName": "GenericAll",
   "IsInherited": false,
   "PrincipalSID": "COMPLYEDGE.COM-S-1-5-32-548",
   "PrincipalType": "Group"
  },
  {
   "RightName": "GenericAll",
   "IsInherited": true,
   "PrincipalSID": "S-1-5-21-1416213050-106196312-571527550-519",
   "PrincipalType": "Group"
  },
  {
   "RightName": "GenericWrite",
   "IsInherited": true,
   "PrincipalSID": "COMPLYEDGE.COM-S-1-5-32-544",
   "PrincipalType": "Group"
  },
  {
   "RightName": "WriteOwner",
   "IsInherited": true,
   "PrincipalSID": "COMPLYEDGE.COM-S-1-5-32-544",
   "PrincipalType": "Group"
  },
  {
   "RightName": "WriteDacl",
   "IsInherited": true,
   "PrincipalSID": "COMPLYEDGE.COM-S-1-5-32-544",
   "PrincipalType": "Group"
  }
 ],
 "IsDeleted": false,
 "IsACLProtected": false
},{
 "ObjectIdentifier": "COMPLYEDGE.COM-S-1-5-32-560",
 "Properties": {
  "domain": "COMPLYEDGE.COM",
  "domainsid": "S-1-5-21-1416213050-106196312-571527550",
  "highvalue": false,
  "name": "WINDOWS AUTHORIZATION ACCESS GROUP@COMPLYEDGE.COM",
  "distinguishedname": "CN=WINDOWS AUTHORIZATION ACCESS GROUP,CN=BUILTIN,DC=COMPLYEDGE,DC=COM",
  "admincount": false,
  "description": "Members of this group have access to the computed tokenGroupsGlobalAndUniversal attribute on User objects",
  "samaccountname": "Windows Authorization Access Group",
  "whencreated": 1594844890
 },
 "Members": [
  {
   "ObjectIdentifier": "COMPLYEDGE.COM-S-1-5-9",
   "ObjectType": "Group"
  }
 ],
 "Aces": [
  {
   "RightName": "Owns",
   "IsInherited": false,
   "PrincipalSID": "S-1-5-21-1416213050-106196312-571527550-512",
   "PrincipalType": "Group"
  },
  {
   "RightName": "GenericAll",
   "IsInherited": false,
   "PrincipalSID": "S-1-5-21-1416213050-106196312-571527550-512",
   "PrincipalType": "Group"
  },
  {
   "RightName": "GenericAll",
   "IsInherited": false,
   "PrincipalSID": "COMPLYEDGE.COM-S-1-5-32-548",
   "PrincipalType": "Group"
  },
  {
   "RightName": "GenericAll",
   "IsInherited": true,
   "PrincipalSID": "S-1-5-21-1416213050-106196312-571527550-519",
   "PrincipalType": "Group"
  },
  {
   "RightName": "GenericWrite",
   "IsInherited": true,
   "PrincipalSID": "COMPLYEDGE.COM-S-1-5-32-544",
   "PrincipalType": "Group"
  },
  {
   "RightName": "WriteOwner",
   "IsInherited": true,
   "PrincipalSID": "COMPLYEDGE.COM-S-1-5-32-544",
   "PrincipalType": "Group"
  },
  {
   "RightName": "WriteDacl",
   "IsInherited": true,
   "PrincipalSID": "COMPLYEDGE.COM-S-1-5-32-544",
   "PrincipalType": "Group"
  }
 ],
 "IsDeleted": false,
 "IsACLProtected": false
},{
 "ObjectIdentifier": "COMPLYEDGE.COM-S-1-5-32-557",
 "Properties": {
  "domain": "COMPLYEDGE.COM",
  "domainsid": "S-1-5-21-1416213050-106196312-571527550",
  "highvalue": false,
  "name": "INCOMING FOREST TRUST BUILDERS@COMPLYEDGE.COM",
  "distinguishedname": "CN=INCOMING FOREST TRUST BUILDERS,CN=BUILTIN,DC=COMPLYEDGE,DC=COM",
  "admincount": false,
  "description": "Members of this group can create incoming, one-way trusts to this forest",
  "samaccountname": "Incoming Forest Trust Builders",
  "whencreated": 1594844890
 },
 "Members": [],
 "Aces": [
  {
   "RightName": "Owns",
   "IsInherited": false,
   "PrincipalSID": "S-1-5-21-1416213050-106196312-571527550-512",
   "PrincipalType": "Group"
  },
  {
   "RightName": "GenericAll",
   "IsInherited": false,
   "PrincipalSID": "S-1-5-21-1416213050-106196312-571527550-512",
   "PrincipalType": "Group"
  },
  {
   "RightName": "GenericAll",
   "IsInherited": false,
   "PrincipalSID": "COMPLYEDGE.COM-S-1-5-32-548",
   "PrincipalType": "Group"
  },
  {
   "RightName": "GenericAll",
   "IsInherited": true,
   "PrincipalSID": "S-1-5-21-1416213050-106196312-571527550-519",
   "PrincipalType": "Group"
  },
  {
   "RightName": "GenericWrite",
   "IsInherited": true,
   "PrincipalSID": "COMPLYEDGE.COM-S-1-5-32-544",
   "PrincipalType": "Group"
  },
  {
   "RightName": "WriteOwner",
   "IsInherited": true,
   "PrincipalSID": "COMPLYEDGE.COM-S-1-5-32-544",
   "PrincipalType": "Group"
  },
  {
   "RightName": "WriteDacl",
   "IsInherited": true,
   "PrincipalSID": "COMPLYEDGE.COM-S-1-5-32-544",
   "PrincipalType": "Group"
  }
 ],
 "IsDeleted": false,
 "IsACLProtected": false
},{
 "ObjectIdentifier": "COMPLYEDGE.COM-S-1-5-32-554",
 "Properties": {
  "domain": "COMPLYEDGE.COM",
  "domainsid": "S-1-5-21-1416213050-106196312-571527550",
  "highvalue": false,
  "name": "PRE-WINDOWS 2000 COMPATIBLE ACCESS@COMPLYEDGE.COM",
  "distinguishedname": "CN=PRE-WINDOWS 2000 COMPATIBLE ACCESS,CN=BUILTIN,DC=COMPLYEDGE,DC=COM",
  "admincount": false,
  "description": "A backward compatibility group which allows read access on all users and groups in the domain",
  "samaccountname": "Pre-Windows 2000 Compatible Access",
  "whencreated": 1594844890
 },
 "Members": [
  {
   "ObjectIdentifier": "COMPLYEDGE.COM-S-1-5-11",
   "ObjectType": "Group"
  }
 ],
 "Aces": [
  {
   "RightName": "Owns",
   "IsInherited": false,
   "PrincipalSID": "S-1-5-21-1416213050-106196312-571527550-512",
   "PrincipalType": "Group"
  },
  {
   "RightName": "GenericAll",
   "IsInherited": false,
   "PrincipalSID": "S-1-5-21-1416213050-106196312-571527550-512",
   "PrincipalType": "Group"
  },
  {
   "RightName": "GenericAll",
   "IsInherited": false,
   "PrincipalSID": "COMPLYEDGE.COM-S-1-5-32-548",
   "PrincipalType": "Group"
  },
  {
   "RightName": "GenericAll",
   "IsInherited": true,
   "PrincipalSID": "S-1-5-21-1416213050-106196312-571527550-519",
   "PrincipalType": "Group"
  },
  {
   "RightName": "GenericWrite",
   "IsInherited": true,
   "PrincipalSID": "COMPLYEDGE.COM-S-1-5-32-544",
   "PrincipalType": "Group"
  },
  {
   "RightName": "WriteOwner",
   "IsInherited": true,
   "PrincipalSID": "COMPLYEDGE.COM-S-1-5-32-544",
   "PrincipalType": "Group"
  },
  {
   "RightName": "WriteDacl",
   "IsInherited": true,
   "PrincipalSID": "COMPLYEDGE.COM-S-1-5-32-544",
   "PrincipalType": "Group"
  }
 ],
 "IsDeleted": false,
 "IsACLProtected": false
},{
 "ObjectIdentifier": "COMPLYEDGE.COM-S-1-5-32-548",
 "Properties": {
  "domain": "COMPLYEDGE.COM",
  "domainsid": "S-1-5-21-1416213050-106196312-571527550",
  "highvalue": true,
  "name": "ACCOUNT OPERATORS@COMPLYEDGE.COM",
  "distinguishedname": "CN=ACCOUNT OPERATORS,CN=BUILTIN,DC=COMPLYEDGE,DC=COM",
  "admincount": true,
  "description": "Members can administer domain user and group accounts",
  "samaccountname": "Account Operators",
  "whencreated": 1594844890
 },
 "Members": [],
 "Aces": [
  {
   "RightName": "Owns",
   "IsInherited": false,
   "PrincipalSID": "S-1-5-21-1416213050-106196312-571527550-512",
   "PrincipalType": "Group"
  },
  {
   "RightName": "GenericWrite",
   "IsInherited": false,
   "PrincipalSID": "S-1-5-21-1416213050-106196312-571527550-512",
   "PrincipalType": "Group"
  },
  {
   "RightName": "WriteOwner",
   "IsInherited": false,
   "PrincipalSID": "S-1-5-21-1416213050-106196312-571527550-512",
   "PrincipalType": "Group"
  },
  {
   "RightName": "WriteDacl",
   "IsInherited": false,
   "PrincipalSID": "S-1-5-21-1416213050-106196312-571527550-512",
   "PrincipalType": "Group"
  },
  {
   "RightName": "GenericWrite",
   "IsInherited": false,
   "PrincipalSID": "S-1-5-21-1416213050-106196312-571527550-519",
   "PrincipalType": "Group"
  },
  {
   "RightName": "WriteOwner",
   "IsInherited": false,
   "PrincipalSID": "S-1-5-21-1416213050-106196312-571527550-519",
   "PrincipalType": "Group"
  },
  {
   "RightName": "WriteDacl",
   "IsInherited": false,
   "PrincipalSID": "S-1-5-21-1416213050-106196312-571527550-519",
   "PrincipalType": "Group"
  },
  {
   "RightName": "GenericWrite",
   "IsInherited": false,
   "PrincipalSID": "COMPLYEDGE.COM-S-1-5-32-544",
   "PrincipalType": "Group"
  },
  {
   "RightName": "WriteOwner",
   "IsInherited": false,
   "PrincipalSID": "COMPLYEDGE.COM-S-1-5-32-544",
   "PrincipalType": "Group"
  },
  {
   "RightName": "WriteDacl",
   "IsInherited": false,
   "PrincipalSID": "COMPLYEDGE.COM-S-1-5-32-544",
   "PrincipalType": "Group"
  }
 ],
 "IsDeleted": false,
 "IsACLProtected": true
},{
 "ObjectIdentifier": "COMPLYEDGE.COM-S-1-5-32-549",
 "Properties": {
  "domain": "COMPLYEDGE.COM",
  "domainsid": "S-1-5-21-1416213050-106196312-571527550",
  "highvalue": true,
  "name": "SERVER OPERATORS@COMPLYEDGE.COM",
  "distinguishedname": "CN=SERVER OPERATORS,CN=BUILTIN,DC=COMPLYEDGE,DC=COM",
  "admincount": true,
  "description": "Members can administer domain servers",
  "samaccountname": "Server Operators",
  "whencreated": 1594844890
 },
 "Members": [],
 "Aces": [
  {
   "RightName": "Owns",
   "IsInherited": false,
   "PrincipalSID": "S-1-5-21-1416213050-106196312-571527550-512",
   "PrincipalType": "Group"
  },
  {
   "RightName": "GenericWrite",
   "IsInherited": false,
   "PrincipalSID": "S-1-5-21-1416213050-106196312-571527550-512",
   "PrincipalType": "Group"
  },
  {
   "RightName": "WriteOwner",
   "IsInherited": false,
   "PrincipalSID": "S-1-5-21-1416213050-106196312-571527550-512",
   "PrincipalType": "Group"
  },
  {
   "RightName": "WriteDacl",
   "IsInherited": false,
   "PrincipalSID": "S-1-5-21-1416213050-106196312-571527550-512",
   "PrincipalType": "Group"
  },
  {
   "RightName": "GenericWrite",
   "IsInherited": false,
   "PrincipalSID": "S-1-5-21-1416213050-106196312-571527550-519",
   "PrincipalType": "Group"
  },
  {
   "RightName": "WriteOwner",
   "IsInherited": false,
   "PrincipalSID": "S-1-5-21-1416213050-106196312-571527550-519",
   "PrincipalType": "Group"
  },
  {
   "RightName": "WriteDacl",
   "IsInherited": false,
   "PrincipalSID": "S-1-5-21-1416213050-106196312-571527550-519",
   "PrincipalType": "Group"
  },
  {
   "RightName": "GenericWrite",
   "IsInherited": false,
   "PrincipalSID": "COMPLYEDGE.COM-S-1-5-32-544",
   "PrincipalType": "Group"
  },
  {
   "RightName": "WriteOwner",
   "IsInherited": false,
   "PrincipalSID": "COMPLYEDGE.COM-S-1-5-32-544",
   "PrincipalType": "Group"
  },
  {
   "RightName": "WriteDacl",
   "IsInherited": false,
   "PrincipalSID": "COMPLYEDGE.COM-S-1-5-32-544",
   "PrincipalType": "Group"
  }
 ],
 "IsDeleted": false,
 "IsACLProtected": true
},{
 "ObjectIdentifier": "S-1-5-21-1416213050-106196312-571527550-553",
 "Properties": {
  "domain": "COMPLYEDGE.COM",
  "domainsid": "S-1-5-21-1416213050-106196312-571527550",
  "highvalue": false,
  "name": "RAS AND IAS SERVERS@COMPLYEDGE.COM",
  "distinguishedname": "CN=RAS AND IAS SERVERS,CN=USERS,DC=COMPLYEDGE,DC=COM",
  "admincount": false,
  "description": "Servers in this group can access remote access properties of users",
  "samaccountname": "RAS and IAS Servers",
  "whencreated": 1594844890
 },
 "Members": [],
 "Aces": [
  {
   "RightName": "Owns",
   "IsInherited": false,
   "PrincipalSID": "S-1-5-21-1416213050-106196312-571527550-512",
   "PrincipalType": "Group"
  },
  {
   "RightName": "GenericAll",
   "IsInherited": false,
   "PrincipalSID": "S-1-5-21-1416213050-106196312-571527550-512",
   "PrincipalType": "Group"
  },
  {
   "RightName": "GenericAll",
   "IsInherited": false,
   "PrincipalSID": "COMPLYEDGE.COM-S-1-5-32-548",
   "PrincipalType": "Group"
  },
  {
   "RightName": "GenericAll",
   "IsInherited": true,
   "PrincipalSID": "S-1-5-21-1416213050-106196312-571527550-519",
   "PrincipalType": "Group"
  },
  {
   "RightName": "GenericWrite",
   "IsInherited": true,
   "PrincipalSID": "COMPLYEDGE.COM-S-1-5-32-544",
   "PrincipalType": "Group"
  },
  {
   "RightName": "WriteOwner",
   "IsInherited": true,
   "PrincipalSID": "COMPLYEDGE.COM-S-1-5-32-544",
   "PrincipalType": "Group"
  },
  {
   "RightName": "WriteDacl",
   "IsInherited": true,
   "PrincipalSID": "COMPLYEDGE.COM-S-1-5-32-544",
   "PrincipalType": "Group"
  }
 ],
 "IsDeleted": false,
 "IsACLProtected": false
},{
 "ObjectIdentifier": "S-1-5-21-1416213050-106196312-571527550-520",
 "Properties": {
  "domain": "COMPLYEDGE.COM",
  "domainsid": "S-1-5-21-1416213050-106196312-571527550",
  "highvalue": false,
  "name": "GROUP POLICY CREATOR OWNERS@COMPLYEDGE.COM",
  "distinguishedname": "CN=GROUP POLICY CREATOR OWNERS,CN=USERS,DC=COMPLYEDGE,DC=COM",
  "admincount": false,
  "description": "Members in this group can modify group policy for the domain",
  "samaccountname": "Group Policy Creator Owners",
  "whencreated": 1594844890
 },
 "Members": [
  {
   "ObjectIdentifier": "S-1-5-21-1416213050-106196312-571527550-500",
   "ObjectType": "User"
  }
 ],
 "Aces": [
  {
   "RightName": "Owns",
   "IsInherited": false,
   "PrincipalSID": "S-1-5-21-1416213050-106196312-571527550-512",
   "PrincipalType": "Group"
  },
  {
   "RightName": "GenericAll",
   "IsInherited": false,
   "PrincipalSID": "S-1-5-21-1416213050-106196312-571527550-512",
   "PrincipalType": "Group"
  },
  {
   "RightName": "GenericAll",
   "IsInherited": false,
   "PrincipalSID": "COMPLYEDGE.COM-S-1-5-32-548",
   "PrincipalType": "Group"
  },
  {
   "RightName": "GenericAll",
   "IsInherited": true,
   "PrincipalSID": "S-1-5-21-1416213050-106196312-571527550-519",
   "PrincipalType": "Group"
  },
  {
   "RightName": "GenericWrite",
   "IsInherited": true,
   "PrincipalSID": "COMPLYEDGE.COM-S-1-5-32-544",
   "PrincipalType": "Group"
  },
  {
   "RightName": "WriteOwner",
   "IsInherited": true,
   "PrincipalSID": "COMPLYEDGE.COM-S-1-5-32-544",
   "PrincipalType": "Group"
  },
  {
   "RightName": "WriteDacl",
   "IsInherited": true,
   "PrincipalSID": "COMPLYEDGE.COM-S-1-5-32-544",
   "PrincipalType": "Group"
  }
 ],
 "IsDeleted": false,
 "IsACLProtected": false
},{
 "IsDeleted": false,
 "IsACLProtected": false,
 "ObjectIdentifier": "COMPLYEDGE.COM-S-1-5-9",
 "Properties": {
  "domain": "COMPLYEDGE.COM",
  "name": "ENTERPRISE DOMAIN CONTROLLERS@COMPLYEDGE.COM"
 },
 "Members": [
  {
   "ObjectIdentifier": "S-1-5-21-1416213050-106196312-571527550-1000",
   "ObjectType": "Computer"
  }
 ],
 "Aces": []
},{
 "IsDeleted": false,
 "IsACLProtected": false,
 "ObjectIdentifier": "COMPLYEDGE.COM-S-1-1-0",
 "Properties": {
  "domain": "COMPLYEDGE.COM",
  "domainsid": "S-1-5-21-1416213050-106196312-571527550",
  "name": "EVERYONE@COMPLYEDGE.COM"
 },
 "Members": [],
 "Aces": []
},{
 "IsDeleted": false,
 "IsACLProtected": false,
 "ObjectIdentifier": "COMPLYEDGE.COM-S-1-5-11",
 "Properties": {
  "domain": "COMPLYEDGE.COM",
  "domainsid": "S-1-5-21-1416213050-106196312-571527550",
  "name": "AUTHENTICATED USERS@COMPLYEDGE.COM"
 },
 "Members": [],
 "Aces": []
},{
 "IsDeleted": false,
 "IsACLProtected": false,
 "ObjectIdentifier": "COMPLYEDGE.COM-S-1-5-4",
 "Properties": {
  "domain": "COMPLYEDGE.COM",
  "domainsid": "S-1-5-21-1416213050-106196312-571527550",
  "name": "INTERACTIVE@COMPLYEDGE.COM"
 },
 "Members": [],
 "Aces": []
},{
 "ObjectIdentifier": "S-1-5-21-1416213050-106196312-571527550-513",
 "Properties": {
  "domain": "COMPLYEDGE.COM",
  "domainsid": "S-1-5-21-1416213050-106196312-571527550",
  "highvalue": false,
  "name": "DOMAIN USERS@COMPLYEDGE.COM",
  "distinguishedname": "CN=DOMAIN USERS,CN=USERS,DC=COMPLYEDGE,DC=COM",
  "admincount": false,
  "description": "All domain users",
  "samaccountname": "Domain Users",
  "whencreated": 1594844890
 },
 "Members": [],
 "Aces": [
  {
   "RightName": "Owns",
   "IsInherited": false,
   "PrincipalSID": "S-1-5-21-1416213050-106196312-571527550-512",
   "PrincipalType": "Group"
  },
  {
   "RightName": "GenericAll",
   "IsInherited": false,
   "PrincipalSID": "S-1-5-21-1416213050-106196312-571527550-512",
   "PrincipalType": "Group"
  },
  {
   "RightName": "GenericAll",
   "IsInherited": false,
   "PrincipalSID": "COMPLYEDGE.COM-S-1-5-32-548",
   "PrincipalType": "Group"
  },
  {
   "RightName": "GenericAll",
   "IsInherited": true,
   "PrincipalSID": "S-1-5-21-1416213050-106196312-571527550-519",
   "PrincipalType": "Group"
  },
  {
   "RightName": "GenericWrite",
   "IsInherited": true,
   "PrincipalSID": "COMPLYEDGE.COM-S-1-5-32-544",
   "PrincipalType": "Group"
  },
  {
   "RightName": "WriteOwner",
   "IsInherited": true,
   "PrincipalSID": "COMPLYEDGE.COM-S-1-5-32-544",
   "PrincipalType": "Group"
  },
  {
   "RightName": "WriteDacl",
   "IsInherited": true,
   "PrincipalSID": "COMPLYEDGE.COM-S-1-5-32-544",
   "PrincipalType": "Group"
  }
 ],
 "IsDeleted": false,
 "IsACLProtected": false
},{
 "ObjectIdentifier": "S-1-5-21-1416213050-106196312-571527550-512",
 "Properties": {
  "domain": "COMPLYEDGE.COM",
  "domainsid": "S-1-5-21-1416213050-106196312-571527550",
  "highvalue": true,
  "name": "DOMAIN ADMINS@COMPLYEDGE.COM",
  "distinguishedname": "CN=DOMAIN ADMINS,CN=USERS,DC=COMPLYEDGE,DC=COM",
  "admincount": true,
  "description": "Designated administrators of the domain",
  "samaccountname": "Domain Admins",
  "whencreated": 1594844890
 },
 "Members": [
  {
   "ObjectIdentifier": "S-1-5-21-1416213050-106196312-571527550-1103",
   "ObjectType": "User"
  },
  {
   "ObjectIdentifier": "S-1-5-21-1416213050-106196312-571527550-500",
   "ObjectType": "User"
  }
 ],
 "Aces": [
  {
   "RightName": "Owns",
   "IsInherited": false,
   "PrincipalSID": "S-1-5-21-1416213050-106196312-571527550-512",
   "PrincipalType": "Group"
  },
  {
   "RightName": "GenericWrite",
   "IsInherited": false,
   "PrincipalSID": "S-1-5-21-1416213050-106196312-571527550-512",
   "PrincipalType": "Group"
  },
  {
   "RightName": "WriteOwner",
   "IsInherited": false,
   "PrincipalSID": "S-1-5-21-1416213050-106196312-571527550-512",
   "PrincipalType": "Group"
  },
  {
   "RightName": "WriteDacl",
   "IsInherited": false,
   "PrincipalSID": "S-1-5-21-1416213050-106196312-571527550-512",
   "PrincipalType": "Group"
  },
  {
   "RightName": "GenericWrite",
   "IsInherited": false,
   "PrincipalSID": "S-1-5-21-1416213050-106196312-571527550-519",
   "PrincipalType": "Group"
  },
  {
   "RightName": "WriteOwner",
   "IsInherited": false,
   "PrincipalSID": "S-1-5-21-1416213050-106196312-571527550-519",
   "PrincipalType": "Group"
  },
  {
   "RightName": "WriteDacl",
   "IsInherited": false,
   "PrincipalSID": "S-1-5-21-1416213050-106196312-571527550-519",
   "PrincipalType": "Group"
  },
  {
   "RightName": "GenericWrite",
   "IsInherited": false,
   "PrincipalSID": "COMPLYEDGE.COM-S-1-5-32-544",
   "PrincipalType": "Group"
  },
  {
   "RightName": "WriteOwner",
   "IsInherited": false,
   "PrincipalSID": "COMPLYEDGE.COM-S-1-5-32-544",
   "PrincipalType": "Group"
  },
  {
   "RightName": "WriteDacl",
   "IsInherited": false,
   "PrincipalSID": "COMPLYEDGE.COM-S-1-5-32-544",
   "PrincipalType": "Group"
  }
 ],
 "IsDeleted": false,
 "IsACLProtected": true
},{
 "ObjectIdentifier": "S-1-5-21-1416213050-106196312-571527550-514",
 "Properties": {
  "domain": "COMPLYEDGE.COM",
  "domainsid": "S-1-5-21-1416213050-106196312-571527550",
  "highvalue": false,
  "name": "DOMAIN GUESTS@COMPLYEDGE.COM",
  "distinguishedname": "CN=DOMAIN GUESTS,CN=USERS,DC=COMPLYEDGE,DC=COM",
  "admincount": false,
  "description": "All domain guests",
  "samaccountname": "Domain Guests",
  "whencreated": 1594844890
 },
 "Members": [],
 "Aces": [
  {
   "RightName": "Owns",
   "IsInherited": false,
   "PrincipalSID": "S-1-5-21-1416213050-106196312-571527550-512",
   "PrincipalType": "Group"
  },
  {
   "RightName": "GenericAll",
   "IsInherited": false,
   "PrincipalSID": "S-1-5-21-1416213050-106196312-571527550-512",
   "PrincipalType": "Group"
  },
  {
   "RightName": "GenericAll",
   "IsInherited": false,
   "PrincipalSID": "COMPLYEDGE.COM-S-1-5-32-548",
   "PrincipalType": "Group"
  },
  {
   "RightName": "GenericAll",
   "IsInherited": true,
   "PrincipalSID": "S-1-5-21-1416213050-106196312-571527550-519",
   "PrincipalType": "Group"
  },
  {
   "RightName": "GenericWrite",
   "IsInherited": true,
   "PrincipalSID": "COMPLYEDGE.COM-S-1-5-32-544",
   "PrincipalType": "Group"
  },
  {
   "RightName": "WriteOwner",
   "IsInherited": true,
   "PrincipalSID": "COMPLYEDGE.COM-S-1-5-32-544",
   "PrincipalType": "Group"
  },
  {
   "RightName": "WriteDacl",
   "IsInherited": true,
   "PrincipalSID": "COMPLYEDGE.COM-S-1-5-32-544",
   "PrincipalType": "Group"
  }
 ],
 "IsDeleted": false,
 "IsACLProtected": false
},{
 "ObjectIdentifier": "S-1-5-21-1416213050-106196312-571527550-519",
 "Properties": {
  "domain": "COMPLYEDGE.COM",
  "domainsid": "S-1-5-21-1416213050-106196312-571527550",
  "highvalue": true,
  "name": "ENTERPRISE ADMINS@COMPLYEDGE.COM",
  "distinguishedname": "CN=ENTERPRISE ADMINS,CN=USERS,DC=COMPLYEDGE,DC=COM",
  "admincount": true,
  "description": "Designated administrators of the enterprise",
  "samaccountname": "Enterprise Admins",
  "whencreated": 1594844890
 },
 "Members": [
  {
   "ObjectIdentifier": "S-1-5-21-1416213050-106196312-571527550-500",
   "ObjectType": "User"
  }
 ],
 "Aces": [
  {
   "RightName": "Owns",
   "IsInherited": false,
   "PrincipalSID": "S-1-5-21-1416213050-106196312-571527550-512",
   "PrincipalType": "Group"
  },
  {
   "RightName": "GenericWrite",
   "IsInherited": false,
   "PrincipalSID": "S-1-5-21-1416213050-106196312-571527550-512",
   "PrincipalType": "Group"
  },
  {
   "RightName": "WriteOwner",
   "IsInherited": false,
   "PrincipalSID": "S-1-5-21-1416213050-106196312-571527550-512",
   "PrincipalType": "Group"
  },
  {
   "RightName": "WriteDacl",
   "IsInherited": false,
   "PrincipalSID": "S-1-5-21-1416213050-106196312-571527550-512",
   "PrincipalType": "Group"
  },
  {
   "RightName": "GenericWrite",
   "IsInherited": false,
   "PrincipalSID": "S-1-5-21-1416213050-106196312-571527550-519",
   "PrincipalType": "Group"
  },
  {
   "RightName": "WriteOwner",
   "IsInherited": false,
   "PrincipalSID": "S-1-5-21-1416213050-106196312-571527550-519",
   "PrincipalType": "Group"
  },
  {
   "RightName": "WriteDacl",
   "IsInherited": false,
   "PrincipalSID": "S-1-5-21-1416213050-106196312-571527550-519",
   "PrincipalType": "Group"
  },
  {
   "RightName": "GenericWrite",
   "IsInherited": false,
   "PrincipalSID": "COMPLYEDGE.COM-S-1-5-32-544",
   "PrincipalType": "Group"
  },
  {
   "RightName": "WriteOwner",
   "IsInherited": false,
   "PrincipalSID": "COMPLYEDGE.COM-S-1-5-32-544",
   "PrincipalType": "Group"
  },
  {
   "RightName": "WriteDacl",
   "IsInherited": false,
   "PrincipalSID": "COMPLYEDGE.COM-S-1-5-32-544",
   "PrincipalType": "Group"
  }
 ],
 "IsDeleted": false,
 "IsACLProtected": true
},{
 "ObjectIdentifier": "S-1-5-21-1416213050-106196312-571527550-517",
 "Properties": {
  "domain": "COMPLYEDGE.COM",
  "domainsid": "S-1-5-21-1416213050-106196312-571527550",
  "highvalue": false,
  "name": "CERT PUBLISHERS@COMPLYEDGE.COM",
  "distinguishedname": "CN=CERT PUBLISHERS,CN=USERS,DC=COMPLYEDGE,DC=COM",
  "admincount": false,
  "description": "Members of this group are permitted to publish certificates to the directory",
  "samaccountname": "Cert Publishers",
  "whencreated": 1594844890
 },
 "Members": [],
 "Aces": [
  {
   "RightName": "Owns",
   "IsInherited": false,
   "PrincipalSID": "S-1-5-21-1416213050-106196312-571527550-512",
   "PrincipalType": "Group"
  },
  {
   "RightName": "GenericAll",
   "IsInherited": false,
   "PrincipalSID": "S-1-5-21-1416213050-106196312-571527550-512",
   "PrincipalType": "Group"
  },
  {
   "RightName": "GenericAll",
   "IsInherited": false,
   "PrincipalSID": "COMPLYEDGE.COM-S-1-5-32-548",
   "PrincipalType": "Group"
  },
  {
   "RightName": "GenericAll",
   "IsInherited": true,
   "PrincipalSID": "S-1-5-21-1416213050-106196312-571527550-519",
   "PrincipalType": "Group"
  },
  {
   "RightName": "GenericWrite",
   "IsInherited": true,
   "PrincipalSID": "COMPLYEDGE.COM-S-1-5-32-544",
   "PrincipalType": "Group"
  },
  {
   "RightName": "WriteOwner",
   "IsInherited": true,
   "PrincipalSID": "COMPLYEDGE.COM-S-1-5-32-544",
   "PrincipalType": "Group"
  },
  {
   "RightName": "WriteDacl",
   "IsInherited": true,
   "PrincipalSID": "COMPLYEDGE.COM-S-1-5-32-544",
   "PrincipalType": "Group"
  }
 ],
 "IsDeleted": false,
 "IsACLProtected": false
},{
 "ObjectIdentifier": "S-1-5-21-1416213050-106196312-571527550-518",
 "Properties": {
  "domain": "COMPLYEDGE.COM",
  "domainsid": "S-1-5-21-1416213050-106196312-571527550",
  "highvalue": false,
  "name": "SCHEMA ADMINS@COMPLYEDGE.COM",
  "distinguishedname": "CN=SCHEMA ADMINS,CN=USERS,DC=COMPLYEDGE,DC=COM",
  "admincount": true,
  "description": "Designated administrators of the schema",
  "samaccountname": "Schema Admins",
  "whencreated": 1594844890
 },
 "Members": [
  {
   "ObjectIdentifier": "S-1-5-21-1416213050-106196312-571527550-500",
   "ObjectType": "User"
  }
 ],
 "Aces": [
  {
   "RightName": "Owns",
   "IsInherited": false,
   "PrincipalSID": "S-1-5-21-1416213050-106196312-571527550-512",
   "PrincipalType": "Group"
  },
  {
   "RightName": "GenericWrite",
   "IsInherited": false,
   "PrincipalSID": "S-1-5-21-1416213050-106196312-571527550-512",
   "PrincipalType": "Group"
  },
  {
   "RightName": "WriteOwner",
   "IsInherited": false,
   "PrincipalSID": "S-1-5-21-1416213050-106196312-571527550-512",
   "PrincipalType": "Group"
  },
  {
   "RightName": "WriteDacl",
   "IsInherited": false,
   "PrincipalSID": "S-1-5-21-1416213050-106196312-571527550-512",
   "PrincipalType": "Group"
  },
  {
   "RightName": "GenericWrite",
   "IsInherited": false,
   "PrincipalSID": "S-1-5-21-1416213050-106196312-571527550-519",
   "PrincipalType": "Group"
  },
  {
   "RightName": "WriteOwner",
   "IsInherited": false,
   "PrincipalSID": "S-1-5-21-1416213050-106196312-571527550-519",
   "PrincipalType": "Group"
  },
  {
   "RightName": "WriteDacl",
   "IsInherited": false,
   "PrincipalSID": "S-1-5-21-1416213050-106196312-571527550-519",
   "PrincipalType": "Group"
  },
  {
   "RightName": "GenericWrite",
   "IsInherited": false,
   "PrincipalSID": "COMPLYEDGE.COM-S-1-5-32-544",
   "PrincipalType": "Group"
  },
  {
   "RightName": "WriteOwner",
   "IsInherited": false,
   "PrincipalSID": "COMPLYEDGE.COM-S-1-5-32-544",
   "PrincipalType": "Group"
  },
  {
   "RightName": "WriteDacl",
   "IsInherited": false,
   "PrincipalSID": "COMPLYEDGE.COM-S-1-5-32-544",
   "PrincipalType": "Group"
  }
 ],
 "IsDeleted": false,
 "IsACLProtected": true
},{
 "ObjectIdentifier": "S-1-5-21-1416213050-106196312-571527550-516",
 "Properties": {
  "domain": "COMPLYEDGE.COM",
  "domainsid": "S-1-5-21-1416213050-106196312-571527550",
  "highvalue": true,
  "name": "DOMAIN CONTROLLERS@COMPLYEDGE.COM",
  "distinguishedname": "CN=DOMAIN CONTROLLERS,CN=USERS,DC=COMPLYEDGE,DC=COM",
  "admincount": true,
  "description": "All domain controllers in the domain",
  "samaccountname": "Domain Controllers",
  "whencreated": 1594844890
 },
 "Members": [],
 "Aces": [
  {
   "RightName": "Owns",
   "IsInherited": false,
   "PrincipalSID": "S-1-5-21-1416213050-106196312-571527550-512",
   "PrincipalType": "Group"
  },
  {
   "RightName": "GenericWrite",
   "IsInherited": false,
   "PrincipalSID": "S-1-5-21-1416213050-106196312-571527550-512",
   "PrincipalType": "Group"
  },
  {
   "RightName": "WriteOwner",
   "IsInherited": false,
   "PrincipalSID": "S-1-5-21-1416213050-106196312-571527550-512",
   "PrincipalType": "Group"
  },
  {
   "RightName": "WriteDacl",
   "IsInherited": false,
   "PrincipalSID": "S-1-5-21-1416213050-106196312-571527550-512",
   "PrincipalType": "Group"
  },
  {
   "RightName": "GenericWrite",
   "IsInherited": false,
   "PrincipalSID": "S-1-5-21-1416213050-106196312-571527550-519",
   "PrincipalType": "Group"
  },
  {
   "RightName": "WriteOwner",
   "IsInherited": false,
   "PrincipalSID": "S-1-5-21-1416213050-106196312-571527550-519",
   "PrincipalType": "Group"
  },
  {
   "RightName": "WriteDacl",
   "IsInherited": false,
   "PrincipalSID": "S-1-5-21-1416213050-106196312-571527550-519",
   "PrincipalType": "Group"
  },
  {
   "RightName": "GenericWrite",
   "IsInherited": false,
   "PrincipalSID": "COMPLYEDGE.COM-S-1-5-32-544",
   "PrincipalType": "Group"
  },
  {
   "RightName": "WriteOwner",
   "IsInherited": false,
   "PrincipalSID": "COMPLYEDGE.COM-S-1-5-32-544",
   "PrincipalType": "Group"
  },
  {
   "RightName": "WriteDacl",
   "IsInherited": false,
   "PrincipalSID": "COMPLYEDGE.COM-S-1-5-32-544",
   "PrincipalType": "Group"
  }
 ],
 "IsDeleted": false,
 "IsACLProtected": true
},{
 "ObjectIdentifier": "S-1-5-21-1416213050-106196312-571527550-515",
 "Properties": {
  "domain": "COMPLYEDGE.COM",
  "domainsid": "S-1-5-21-1416213050-106196312-571527550",
  "highvalue": false,
  "name": "DOMAIN COMPUTERS@COMPLYEDGE.COM",
  "distinguishedname": "CN=DOMAIN COMPUTERS,CN=USERS,DC=COMPLYEDGE,DC=COM",
  "admincount": false,
  "description": "All workstations and servers joined to the domain",
  "samaccountname": "Domain Computers",
  "whencreated": 1594844890
 },
 "Members": [],
 "Aces": [
  {
   "RightName": "Owns",
   "IsInherited": false,
   "PrincipalSID": "S-1-5-21-1416213050-106196312-571527550-512",
   "PrincipalType": "Group"
  },
  {
   "RightName": "GenericAll",
   "IsInherited": false,
   "PrincipalSID": "S-1-5-21-1416213050-106196312-571527550-512",
   "PrincipalType": "Group"
  },
  {
   "RightName": "GenericAll",
   "IsInherited": false,
   "PrincipalSID": "COMPLYEDGE.COM-S-1-5-32-548",
   "PrincipalType": "Group"
  },
  {
   "RightName": "GenericAll",
   "IsInherited": true,
   "PrincipalSID": "S-1-5-21-1416213050-106196312-571527550-519",
   "PrincipalType": "Group"
  },
  {
   "RightName": "GenericWrite",
   "IsInherited": true,
   "PrincipalSID": "COMPLYEDGE.COM-S-1-5-32-544",
   "PrincipalType": "Group"
  },
  {
   "RightName": "WriteOwner",
   "IsInherited": true,
   "PrincipalSID": "COMPLYEDGE.COM-S-1-5-32-544",
   "PrincipalType": "Group"
  },
  {
   "RightName": "WriteDacl",
   "IsInherited": true,
   "PrincipalSID": "COMPLYEDGE.COM-S-1-5-32-544",
   "PrincipalType": "Group"
  }
 ],
 "IsDeleted": false,
 "IsACLProtected": false
},{
 "ObjectIdentifier": "COMPLYEDGE.COM-S-1-5-32-582",
 "Properties": {
  "domain": "COMPLYEDGE.COM",
  "domainsid": "S-1-5-21-1416213050-106196312-571527550",
  "highvalue": false,
  "name": "STORAGE REPLICA ADMINISTRATORS@COMPLYEDGE.COM",
  "distinguishedname": "CN=STORAGE REPLICA ADMINISTRATORS,CN=BUILTIN,DC=COMPLYEDGE,DC=COM",
  "admincount": false,
  "description": "Members of this group have complete and unrestricted access to all features of Storage Replica.",
  "samaccountname": "Storage Replica Administrators",
  "whencreated": 1594844806
 },
 "Members": [],
 "Aces": [
  {
   "RightName": "Owns",
   "IsInherited": false,
   "PrincipalSID": "COMPLYEDGE.COM-S-1-5-32-544",
   "PrincipalType": "Group"
  },
  {
   "RightName": "GenericAll",
   "IsInherited": false,
   "PrincipalSID": "S-1-5-21-1416213050-106196312-571527550-512",
   "PrincipalType": "Group"
  },
  {
   "RightName": "GenericAll",
   "IsInherited": false,
   "PrincipalSID": "COMPLYEDGE.COM-S-1-5-32-548",
   "PrincipalType": "Group"
  },
  {
   "RightName": "GenericAll",
   "IsInherited": true,
   "PrincipalSID": "S-1-5-21-1416213050-106196312-571527550-519",
   "PrincipalType": "Group"
  },
  {
   "RightName": "GenericWrite",
   "IsInherited": true,
   "PrincipalSID": "COMPLYEDGE.COM-S-1-5-32-544",
   "PrincipalType": "Group"
  },
  {
   "RightName": "WriteOwner",
   "IsInherited": true,
   "PrincipalSID": "COMPLYEDGE.COM-S-1-5-32-544",
   "PrincipalType": "Group"
  },
  {
   "RightName": "WriteDacl",
   "IsInherited": true,
   "PrincipalSID": "COMPLYEDGE.COM-S-1-5-32-544",
   "PrincipalType": "Group"
  }
 ],
 "IsDeleted": false,
 "IsACLProtected": false
},{
 "ObjectIdentifier": "COMPLYEDGE.COM-S-1-5-32-580",
 "Properties": {
  "domain": "COMPLYEDGE.COM",
  "domainsid": "S-1-5-21-1416213050-106196312-571527550",
  "highvalue": false,
  "name": "REMOTE MANAGEMENT USERS@COMPLYEDGE.COM",
  "distinguishedname": "CN=REMOTE MANAGEMENT USERS,CN=BUILTIN,DC=COMPLYEDGE,DC=COM",
  "admincount": false,
  "description": "Members of this group can access WMI resources over management protocols (such as WS-Management via the Windows Remote Management service). This applies only to WMI namespaces that grant access to the user.",
  "samaccountname": "Remote Management Users",
  "whencreated": 1594844806
 },
 "Members": [],
 "Aces": [
  {
   "RightName": "Owns",
   "IsInherited": false,
   "PrincipalSID": "COMPLYEDGE.COM-S-1-5-32-544",
   "PrincipalType": "Group"
  },
  {
   "RightName": "GenericAll",
   "IsInherited": false,
   "PrincipalSID": "S-1-5-21-1416213050-106196312-571527550-512",
   "PrincipalType": "Group"
  },
  {
   "RightName": "GenericAll",
   "IsInherited": false,
   "PrincipalSID": "COMPLYEDGE.COM-S-1-5-32-548",
   "PrincipalType": "Group"
  },
  {
   "RightName": "GenericAll",
   "IsInherited": true,
   "PrincipalSID": "S-1-5-21-1416213050-106196312-571527550-519",
   "PrincipalType": "Group"
  },
  {
   "RightName": "GenericWrite",
   "IsInherited": true,
   "PrincipalSID": "COMPLYEDGE.COM-S-1-5-32-544",
   "PrincipalType": "Group"
  },
  {
   "RightName": "WriteOwner",
   "IsInherited": true,
   "PrincipalSID": "COMPLYEDGE.COM-S-1-5-32-544",
   "PrincipalType": "Group"
  },
  {
   "RightName": "WriteDacl",
   "IsInherited": true,
   "PrincipalSID": "COMPLYEDGE.COM-S-1-5-32-544",
   "PrincipalType": "Group"
  }
 ],
 "IsDeleted": false,
 "IsACLProtected": false
},{
 "ObjectIdentifier": "COMPLYEDGE.COM-S-1-5-32-579",
 "Properties": {
  "domain": "COMPLYEDGE.COM",
  "domainsid": "S-1-5-21-1416213050-106196312-571527550",
  "highvalue": false,
  "name": "ACCESS CONTROL ASSISTANCE OPERATORS@COMPLYEDGE.COM",
  "distinguishedname": "CN=ACCESS CONTROL ASSISTANCE OPERATORS,CN=BUILTIN,DC=COMPLYEDGE,DC=COM",
  "admincount": false,
  "description": "Members of this group can remotely query authorization attributes and permissions for resources on this computer.",
  "samaccountname": "Access Control Assistance Operators",
  "whencreated": 1594844806
 },
 "Members": [],
 "Aces": [
  {
   "RightName": "Owns",
   "IsInherited": false,
   "PrincipalSID": "COMPLYEDGE.COM-S-1-5-32-544",
   "PrincipalType": "Group"
  },
  {
   "RightName": "GenericAll",
   "IsInherited": false,
   "PrincipalSID": "S-1-5-21-1416213050-106196312-571527550-512",
   "PrincipalType": "Group"
  },
  {
   "RightName": "GenericAll",
   "IsInherited": false,
   "PrincipalSID": "COMPLYEDGE.COM-S-1-5-32-548",
   "PrincipalType": "Group"
  },
  {
   "RightName": "GenericAll",
   "IsInherited": true,
   "PrincipalSID": "S-1-5-21-1416213050-106196312-571527550-519",
   "PrincipalType": "Group"
  },
  {
   "RightName": "GenericWrite",
   "IsInherited": true,
   "PrincipalSID": "COMPLYEDGE.COM-S-1-5-32-544",
   "PrincipalType": "Group"
  },
  {
   "RightName": "WriteOwner",
   "IsInherited": true,
   "PrincipalSID": "COMPLYEDGE.COM-S-1-5-32-544",
   "PrincipalType": "Group"
  },
  {
   "RightName": "WriteDacl",
   "IsInherited": true,
   "PrincipalSID": "COMPLYEDGE.COM-S-1-5-32-544",
   "PrincipalType": "Group"
  }
 ],
 "IsDeleted": false,
 "IsACLProtected": false
},{
 "ObjectIdentifier": "COMPLYEDGE.COM-S-1-5-32-578",
 "Properties": {
  "domain": "COMPLYEDGE.COM",
  "domainsid": "S-1-5-21-1416213050-106196312-571527550",
  "highvalue": false,
  "name": "HYPER-V ADMINISTRATORS@COMPLYEDGE.COM",
  "distinguishedname": "CN=HYPER-V ADMINISTRATORS,CN=BUILTIN,DC=COMPLYEDGE,DC=COM",
  "admincount": false,
  "description": "Members of this group have complete and unrestricted access to all features of Hyper-V.",
  "samaccountname": "Hyper-V Administrators",
  "whencreated": 1594844806
 },
 "Members": [],
 "Aces": [
  {
   "RightName": "Owns",
   "IsInherited": false,
   "PrincipalSID": "COMPLYEDGE.COM-S-1-5-32-544",
   "PrincipalType": "Group"
  },
  {
   "RightName": "GenericAll",
   "IsInherited": false,
   "PrincipalSID": "S-1-5-21-1416213050-106196312-571527550-512",
   "PrincipalType": "Group"
  },
  {
   "RightName": "GenericAll",
   "IsInherited": false,
   "PrincipalSID": "COMPLYEDGE.COM-S-1-5-32-548",
   "PrincipalType": "Group"
  },
  {
   "RightName": "GenericAll",
   "IsInherited": true,
   "PrincipalSID": "S-1-5-21-1416213050-106196312-571527550-519",
   "PrincipalType": "Group"
  },
  {
   "RightName": "GenericWrite",
   "IsInherited": true,
   "PrincipalSID": "COMPLYEDGE.COM-S-1-5-32-544",
   "PrincipalType": "Group"
  },
  {
   "RightName": "WriteOwner",
   "IsInherited": true,
   "PrincipalSID": "COMPLYEDGE.COM-S-1-5-32-544",
   "PrincipalType": "Group"
  },
  {
   "RightName": "WriteDacl",
   "IsInherited": true,
   "PrincipalSID": "COMPLYEDGE.COM-S-1-5-32-544",
   "PrincipalType": "Group"
  }
 ],
 "IsDeleted": false,
 "IsACLProtected": false
},{
 "ObjectIdentifier": "COMPLYEDGE.COM-S-1-5-32-577",
 "Properties": {
  "domain": "COMPLYEDGE.COM",
  "domainsid": "S-1-5-21-1416213050-106196312-571527550",
  "highvalue": false,
  "name": "RDS MANAGEMENT SERVERS@COMPLYEDGE.COM",
  "distinguishedname": "CN=RDS MANAGEMENT SERVERS,CN=BUILTIN,DC=COMPLYEDGE,DC=COM",
  "admincount": false,
  "description": "Servers in this group can perform routine administrative actions on servers running Remote Desktop Services. This group needs to be populated on all servers in a Remote Desktop Services deployment. The servers running the RDS Central Management service must be included in this group.",
  "samaccountname": "RDS Management Servers",
  "whencreated": 1594844806
 },
 "Members": [],
 "Aces": [
  {
   "RightName": "Owns",
   "IsInherited": false,
   "PrincipalSID": "COMPLYEDGE.COM-S-1-5-32-544",
   "PrincipalType": "Group"
  },
  {
   "RightName": "GenericAll",
   "IsInherited": false,
   "PrincipalSID": "S-1-5-21-1416213050-106196312-571527550-512",
   "PrincipalType": "Group"
  },
  {
   "RightName": "GenericAll",
   "IsInherited": false,
   "PrincipalSID": "COMPLYEDGE.COM-S-1-5-32-548",
   "PrincipalType": "Group"
  },
  {
   "RightName": "GenericAll",
   "IsInherited": true,
   "PrincipalSID": "S-1-5-21-1416213050-106196312-571527550-519",
   "PrincipalType": "Group"
  },
  {
   "RightName": "GenericWrite",
   "IsInherited": true,
   "PrincipalSID": "COMPLYEDGE.COM-S-1-5-32-544",
   "PrincipalType": "Group"
  },
  {
   "RightName": "WriteOwner",
   "IsInherited": true,
   "PrincipalSID": "COMPLYEDGE.COM-S-1-5-32-544",
   "PrincipalType": "Group"
  },
  {
   "RightName": "WriteDacl",
   "IsInherited": true,
   "PrincipalSID": "COMPLYEDGE.COM-S-1-5-32-544",
   "PrincipalType": "Group"
  }
 ],
 "IsDeleted": false,
 "IsACLProtected": false
},{
 "ObjectIdentifier": "COMPLYEDGE.COM-S-1-5-32-576",
 "Properties": {
  "domain": "COMPLYEDGE.COM",
  "domainsid": "S-1-5-21-1416213050-106196312-571527550",
  "highvalue": false,
  "name": "RDS ENDPOINT SERVERS@COMPLYEDGE.COM",
  "distinguishedname": "CN=RDS ENDPOINT SERVERS,CN=BUILTIN,DC=COMPLYEDGE,DC=COM",
  "admincount": false,
  "description": "Servers in this group run virtual machines and host sessions where users RemoteApp programs and personal virtual desktops run. This group needs to be populated on servers running RD Connection Broker. RD Session Host servers and RD Virtualization Host servers used in the deployment need to be in this group.",
  "samaccountname": "RDS Endpoint Servers",
  "whencreated": 1594844806
 },
 "Members": [],
 "Aces": [
  {
   "RightName": "Owns",
   "IsInherited": false,
   "PrincipalSID": "COMPLYEDGE.COM-S-1-5-32-544",
   "PrincipalType": "Group"
  },
  {
   "RightName": "GenericAll",
   "IsInherited": false,
   "PrincipalSID": "S-1-5-21-1416213050-106196312-571527550-512",
   "PrincipalType": "Group"
  },
  {
   "RightName": "GenericAll",
   "IsInherited": false,
   "PrincipalSID": "COMPLYEDGE.COM-S-1-5-32-548",
   "PrincipalType": "Group"
  },
  {
   "RightName": "GenericAll",
   "IsInherited": true,
   "PrincipalSID": "S-1-5-21-1416213050-106196312-571527550-519",
   "PrincipalType": "Group"
  },
  {
   "RightName": "GenericWrite",
   "IsInherited": true,
   "PrincipalSID": "COMPLYEDGE.COM-S-1-5-32-544",
   "PrincipalType": "Group"
  },
  {
   "RightName": "WriteOwner",
   "IsInherited": true,
   "PrincipalSID": "COMPLYEDGE.COM-S-1-5-32-544",
   "PrincipalType": "Group"
  },
  {
   "RightName": "WriteDacl",
   "IsInherited": true,
   "PrincipalSID": "COMPLYEDGE.COM-S-1-5-32-544",
   "PrincipalType": "Group"
  }
 ],
 "IsDeleted": false,
 "IsACLProtected": false
},{
 "ObjectIdentifier": "COMPLYEDGE.COM-S-1-5-32-574",
 "Properties": {
  "domain": "COMPLYEDGE.COM",
  "domainsid": "S-1-5-21-1416213050-106196312-571527550",
  "highvalue": false,
  "name": "CERTIFICATE SERVICE DCOM ACCESS@COMPLYEDGE.COM",
  "distinguishedname": "CN=CERTIFICATE SERVICE DCOM ACCESS,CN=BUILTIN,DC=COMPLYEDGE,DC=COM",
  "admincount": false,
  "description": "Members of this group are allowed to connect to Certification Authorities in the enterprise",
  "samaccountname": "Certificate Service DCOM Access",
  "whencreated": 1594844806
 },
 "Members": [],
 "Aces": [
  {
   "RightName": "Owns",
   "IsInherited": false,
   "PrincipalSID": "COMPLYEDGE.COM-S-1-5-32-544",
   "PrincipalType": "Group"
  },
  {
   "RightName": "GenericAll",
   "IsInherited": false,
   "PrincipalSID": "S-1-5-21-1416213050-106196312-571527550-512",
   "PrincipalType": "Group"
  },
  {
   "RightName": "GenericAll",
   "IsInherited": false,
   "PrincipalSID": "COMPLYEDGE.COM-S-1-5-32-548",
   "PrincipalType": "Group"
  },
  {
   "RightName": "GenericAll",
   "IsInherited": true,
   "PrincipalSID": "S-1-5-21-1416213050-106196312-571527550-519",
   "PrincipalType": "Group"
  },
  {
   "RightName": "GenericWrite",
   "IsInherited": true,
   "PrincipalSID": "COMPLYEDGE.COM-S-1-5-32-544",
   "PrincipalType": "Group"
  },
  {
   "RightName": "WriteOwner",
   "IsInherited": true,
   "PrincipalSID": "COMPLYEDGE.COM-S-1-5-32-544",
   "PrincipalType": "Group"
  },
  {
   "RightName": "WriteDacl",
   "IsInherited": true,
   "PrincipalSID": "COMPLYEDGE.COM-S-1-5-32-544",
   "PrincipalType": "Group"
  }
 ],
 "IsDeleted": false,
 "IsACLProtected": false
},{
 "ObjectIdentifier": "COMPLYEDGE.COM-S-1-5-32-575",
 "Properties": {
  "domain": "COMPLYEDGE.COM",
  "domainsid": "S-1-5-21-1416213050-106196312-571527550",
  "highvalue": false,
  "name": "RDS REMOTE ACCESS SERVERS@COMPLYEDGE.COM",
  "distinguishedname": "CN=RDS REMOTE ACCESS SERVERS,CN=BUILTIN,DC=COMPLYEDGE,DC=COM",
  "admincount": false,
  "description": "Servers in this group enable users of RemoteApp programs and personal virtual desktops access to these resources. In Internet-facing deployments, these servers are typically deployed in an edge network. This group needs to be populated on servers running RD Connection Broker. RD Gateway servers and RD Web Access servers used in the deployment need to be in this group.",
  "samaccountname": "RDS Remote Access Servers",
  "whencreated": 1594844806
 },
 "Members": [],
 "Aces": [
  {
   "RightName": "Owns",
   "IsInherited": false,
   "PrincipalSID": "COMPLYEDGE.COM-S-1-5-32-544",
   "PrincipalType": "Group"
  },
  {
   "RightName": "GenericAll",
   "IsInherited": false,
   "PrincipalSID": "S-1-5-21-1416213050-106196312-571527550-512",
   "PrincipalType": "Group"
  },
  {
   "RightName": "GenericAll",
   "IsInherited": false,
   "PrincipalSID": "COMPLYEDGE.COM-S-1-5-32-548",
   "PrincipalType": "Group"
  },
  {
   "RightName": "GenericAll",
   "IsInherited": true,
   "PrincipalSID": "S-1-5-21-1416213050-106196312-571527550-519",
   "PrincipalType": "Group"
  },
  {
   "RightName": "GenericWrite",
   "IsInherited": true,
   "PrincipalSID": "COMPLYEDGE.COM-S-1-5-32-544",
   "PrincipalType": "Group"
  },
  {
   "RightName": "WriteOwner",
   "IsInherited": true,
   "PrincipalSID": "COMPLYEDGE.COM-S-1-5-32-544",
   "PrincipalType": "Group"
  },
  {
   "RightName": "WriteDacl",
   "IsInherited": true,
   "PrincipalSID": "COMPLYEDGE.COM-S-1-5-32-544",
   "PrincipalType": "Group"
  }
 ],
 "IsDeleted": false,
 "IsACLProtected": false
},{
 "ObjectIdentifier": "COMPLYEDGE.COM-S-1-5-32-573",
 "Properties": {
  "domain": "COMPLYEDGE.COM",
  "domainsid": "S-1-5-21-1416213050-106196312-571527550",
  "highvalue": false,
  "name": "EVENT LOG READERS@COMPLYEDGE.COM",
  "distinguishedname": "CN=EVENT LOG READERS,CN=BUILTIN,DC=COMPLYEDGE,DC=COM",
  "admincount": false,
  "description": "Members of this group can read event logs from local machine",
  "samaccountname": "Event Log Readers",
  "whencreated": 1594844806
 },
 "Members": [],
 "Aces": [
  {
   "RightName": "Owns",
   "IsInherited": false,
   "PrincipalSID": "COMPLYEDGE.COM-S-1-5-32-544",
   "PrincipalType": "Group"
  },
  {
   "RightName": "GenericAll",
   "IsInherited": false,
   "PrincipalSID": "S-1-5-21-1416213050-106196312-571527550-512",
   "PrincipalType": "Group"
  },
  {
   "RightName": "GenericAll",
   "IsInherited": false,
   "PrincipalSID": "COMPLYEDGE.COM-S-1-5-32-548",
   "PrincipalType": "Group"
  },
  {
   "RightName": "GenericAll",
   "IsInherited": true,
   "PrincipalSID": "S-1-5-21-1416213050-106196312-571527550-519",
   "PrincipalType": "Group"
  },
  {
   "RightName": "GenericWrite",
   "IsInherited": true,
   "PrincipalSID": "COMPLYEDGE.COM-S-1-5-32-544",
   "PrincipalType": "Group"
  },
  {
   "RightName": "WriteOwner",
   "IsInherited": true,
   "PrincipalSID": "COMPLYEDGE.COM-S-1-5-32-544",
   "PrincipalType": "Group"
  },
  {
   "RightName": "WriteDacl",
   "IsInherited": true,
   "PrincipalSID": "COMPLYEDGE.COM-S-1-5-32-544",
   "PrincipalType": "Group"
  }
 ],
 "IsDeleted": false,
 "IsACLProtected": false
},{
 "ObjectIdentifier": "COMPLYEDGE.COM-S-1-5-32-569",
 "Properties": {
  "domain": "COMPLYEDGE.COM",
  "domainsid": "S-1-5-21-1416213050-106196312-571527550",
  "highvalue": false,
  "name": "CRYPTOGRAPHIC OPERATORS@COMPLYEDGE.COM",
  "distinguishedname": "CN=CRYPTOGRAPHIC OPERATORS,CN=BUILTIN,DC=COMPLYEDGE,DC=COM",
  "admincount": false,
  "description": "Members are authorized to perform cryptographic operations.",
  "samaccountname": "Cryptographic Operators",
  "whencreated": 1594844806
 },
 "Members": [],
 "Aces": [
  {
   "RightName": "Owns",
   "IsInherited": false,
   "PrincipalSID": "COMPLYEDGE.COM-S-1-5-32-544",
   "PrincipalType": "Group"
  },
  {
   "RightName": "GenericAll",
   "IsInherited": false,
   "PrincipalSID": "S-1-5-21-1416213050-106196312-571527550-512",
   "PrincipalType": "Group"
  },
  {
   "RightName": "GenericAll",
   "IsInherited": false,
   "PrincipalSID": "COMPLYEDGE.COM-S-1-5-32-548",
   "PrincipalType": "Group"
  },
  {
   "RightName": "GenericAll",
   "IsInherited": true,
   "PrincipalSID": "S-1-5-21-1416213050-106196312-571527550-519",
   "PrincipalType": "Group"
  },
  {
   "RightName": "GenericWrite",
   "IsInherited": true,
   "PrincipalSID": "COMPLYEDGE.COM-S-1-5-32-544",
   "PrincipalType": "Group"
  },
  {
   "RightName": "WriteOwner",
   "IsInherited": true,
   "PrincipalSID": "COMPLYEDGE.COM-S-1-5-32-544",
   "PrincipalType": "Group"
  },
  {
   "RightName": "WriteDacl",
   "IsInherited": true,
   "PrincipalSID": "COMPLYEDGE.COM-S-1-5-32-544",
   "PrincipalType": "Group"
  }
 ],
 "IsDeleted": false,
 "IsACLProtected": false
},{
 "ObjectIdentifier": "COMPLYEDGE.COM-S-1-5-32-568",
 "Properties": {
  "domain": "COMPLYEDGE.COM",
  "domainsid": "S-1-5-21-1416213050-106196312-571527550",
  "highvalue": false,
  "name": "IIS_IUSRS@COMPLYEDGE.COM",
  "distinguishedname": "CN=IIS_IUSRS,CN=BUILTIN,DC=COMPLYEDGE,DC=COM",
  "admincount": false,
  "description": "Built-in group used by Internet Information Services.",
  "samaccountname": "IIS_IUSRS",
  "whencreated": 1594844806
 },
 "Members": [
  {
   "ObjectIdentifier": "COMPLYEDGE.COM-S-1-5-17",
   "ObjectType": "User"
  }
 ],
 "Aces": [
  {
   "RightName": "Owns",
   "IsInherited": false,
   "PrincipalSID": "COMPLYEDGE.COM-S-1-5-32-544",
   "PrincipalType": "Group"
  },
  {
   "RightName": "GenericAll",
   "IsInherited": false,
   "PrincipalSID": "S-1-5-21-1416213050-106196312-571527550-512",
   "PrincipalType": "Group"
  },
  {
   "RightName": "GenericAll",
   "IsInherited": false,
   "PrincipalSID": "COMPLYEDGE.COM-S-1-5-32-548",
   "PrincipalType": "Group"
  },
  {
   "RightName": "GenericAll",
   "IsInherited": true,
   "PrincipalSID": "S-1-5-21-1416213050-106196312-571527550-519",
   "PrincipalType": "Group"
  },
  {
   "RightName": "GenericWrite",
   "IsInherited": true,
   "PrincipalSID": "COMPLYEDGE.COM-S-1-5-32-544",
   "PrincipalType": "Group"
  },
  {
   "RightName": "WriteOwner",
   "IsInherited": true,
   "PrincipalSID": "COMPLYEDGE.COM-S-1-5-32-544",
   "PrincipalType": "Group"
  },
  {
   "RightName": "WriteDacl",
   "IsInherited": true,
   "PrincipalSID": "COMPLYEDGE.COM-S-1-5-32-544",
   "PrincipalType": "Group"
  }
 ],
 "IsDeleted": false,
 "IsACLProtected": false
},{
 "ObjectIdentifier": "COMPLYEDGE.COM-S-1-5-32-562",
 "Properties": {
  "domain": "COMPLYEDGE.COM",
  "domainsid": "S-1-5-21-1416213050-106196312-571527550",
  "highvalue": false,
  "name": "DISTRIBUTED COM USERS@COMPLYEDGE.COM",
  "distinguishedname": "CN=DISTRIBUTED COM USERS,CN=BUILTIN,DC=COMPLYEDGE,DC=COM",
  "admincount": false,
  "description": "Members are allowed to launch, activate and use Distributed COM objects on this machine.",
  "samaccountname": "Distributed COM Users",
  "whencreated": 1594844806
 },
 "Members": [],
 "Aces": [
  {
   "RightName": "Owns",
   "IsInherited": false,
   "PrincipalSID": "COMPLYEDGE.COM-S-1-5-32-544",
   "PrincipalType": "Group"
  },
  {
   "RightName": "GenericAll",
   "IsInherited": false,
   "PrincipalSID": "S-1-5-21-1416213050-106196312-571527550-512",
   "PrincipalType": "Group"
  },
  {
   "RightName": "GenericAll",
   "IsInherited": false,
   "PrincipalSID": "COMPLYEDGE.COM-S-1-5-32-548",
   "PrincipalType": "Group"
  },
  {
   "RightName": "GenericAll",
   "IsInherited": true,
   "PrincipalSID": "S-1-5-21-1416213050-106196312-571527550-519",
   "PrincipalType": "Group"
  },
  {
   "RightName": "GenericWrite",
   "IsInherited": true,
   "PrincipalSID": "COMPLYEDGE.COM-S-1-5-32-544",
   "PrincipalType": "Group"
  },
  {
   "RightName": "WriteOwner",
   "IsInherited": true,
   "PrincipalSID": "COMPLYEDGE.COM-S-1-5-32-544",
   "PrincipalType": "Group"
  },
  {
   "RightName": "WriteDacl",
   "IsInherited": true,
   "PrincipalSID": "COMPLYEDGE.COM-S-1-5-32-544",
   "PrincipalType": "Group"
  }
 ],
 "IsDeleted": false,
 "IsACLProtected": false
},{
 "ObjectIdentifier": "COMPLYEDGE.COM-S-1-5-32-559",
 "Properties": {
  "domain": "COMPLYEDGE.COM",
  "domainsid": "S-1-5-21-1416213050-106196312-571527550",
  "highvalue": false,
  "name": "PERFORMANCE LOG USERS@COMPLYEDGE.COM",
  "distinguishedname": "CN=PERFORMANCE LOG USERS,CN=BUILTIN,DC=COMPLYEDGE,DC=COM",
  "admincount": false,
  "description": "Members of this group may schedule logging of performance counters, enable trace providers, and collect event traces both locally and via remote access to this computer",
  "samaccountname": "Performance Log Users",
  "whencreated": 1594844805
 },
 "Members": [],
 "Aces": [
  {
   "RightName": "Owns",
   "IsInherited": false,
   "PrincipalSID": "COMPLYEDGE.COM-S-1-5-32-544",
   "PrincipalType": "Group"
  },
  {
   "RightName": "GenericAll",
   "IsInherited": false,
   "PrincipalSID": "S-1-5-21-1416213050-106196312-571527550-512",
   "PrincipalType": "Group"
  },
  {
   "RightName": "GenericAll",
   "IsInherited": false,
   "PrincipalSID": "COMPLYEDGE.COM-S-1-5-32-548",
   "PrincipalType": "Group"
  },
  {
   "RightName": "GenericAll",
   "IsInherited": true,
   "PrincipalSID": "S-1-5-21-1416213050-106196312-571527550-519",
   "PrincipalType": "Group"
  },
  {
   "RightName": "GenericWrite",
   "IsInherited": true,
   "PrincipalSID": "COMPLYEDGE.COM-S-1-5-32-544",
   "PrincipalType": "Group"
  },
  {
   "RightName": "WriteOwner",
   "IsInherited": true,
   "PrincipalSID": "COMPLYEDGE.COM-S-1-5-32-544",
   "PrincipalType": "Group"
  },
  {
   "RightName": "WriteDacl",
   "IsInherited": true,
   "PrincipalSID": "COMPLYEDGE.COM-S-1-5-32-544",
   "PrincipalType": "Group"
  }
 ],
 "IsDeleted": false,
 "IsACLProtected": false
},{
 "ObjectIdentifier": "COMPLYEDGE.COM-S-1-5-32-558",
 "Properties": {
  "domain": "COMPLYEDGE.COM",
  "domainsid": "S-1-5-21-1416213050-106196312-571527550",
  "highvalue": false,
  "name": "PERFORMANCE MONITOR USERS@COMPLYEDGE.COM",
  "distinguishedname": "CN=PERFORMANCE MONITOR USERS,CN=BUILTIN,DC=COMPLYEDGE,DC=COM",
  "admincount": false,
  "description": "Members of this group can access performance counter data locally and remotely",
  "samaccountname": "Performance Monitor Users",
  "whencreated": 1594844805
 },
 "Members": [],
 "Aces": [
  {
   "RightName": "Owns",
   "IsInherited": false,
   "PrincipalSID": "COMPLYEDGE.COM-S-1-5-32-544",
   "PrincipalType": "Group"
  },
  {
   "RightName": "GenericAll",
   "IsInherited": false,
   "PrincipalSID": "S-1-5-21-1416213050-106196312-571527550-512",
   "PrincipalType": "Group"
  },
  {
   "RightName": "GenericAll",
   "IsInherited": false,
   "PrincipalSID": "COMPLYEDGE.COM-S-1-5-32-548",
   "PrincipalType": "Group"
  },
  {
   "RightName": "GenericAll",
   "IsInherited": true,
   "PrincipalSID": "S-1-5-21-1416213050-106196312-571527550-519",
   "PrincipalType": "Group"
  },
  {
   "RightName": "GenericWrite",
   "IsInherited": true,
   "PrincipalSID": "COMPLYEDGE.COM-S-1-5-32-544",
   "PrincipalType": "Group"
  },
  {
   "RightName": "WriteOwner",
   "IsInherited": true,
   "PrincipalSID": "COMPLYEDGE.COM-S-1-5-32-544",
   "PrincipalType": "Group"
  },
  {
   "RightName": "WriteDacl",
   "IsInherited": true,
   "PrincipalSID": "COMPLYEDGE.COM-S-1-5-32-544",
   "PrincipalType": "Group"
  }
 ],
 "IsDeleted": false,
 "IsACLProtected": false
},{
 "ObjectIdentifier": "COMPLYEDGE.COM-S-1-5-32-556",
 "Properties": {
  "domain": "COMPLYEDGE.COM",
  "domainsid": "S-1-5-21-1416213050-106196312-571527550",
  "highvalue": false,
  "name": "NETWORK CONFIGURATION OPERATORS@COMPLYEDGE.COM",
  "distinguishedname": "CN=NETWORK CONFIGURATION OPERATORS,CN=BUILTIN,DC=COMPLYEDGE,DC=COM",
  "admincount": false,
  "description": "Members in this group can have some administrative privileges to manage configuration of networking features",
  "samaccountname": "Network Configuration Operators",
  "whencreated": 1594844805
 },
 "Members": [],
 "Aces": [
  {
   "RightName": "Owns",
   "IsInherited": false,
   "PrincipalSID": "COMPLYEDGE.COM-S-1-5-32-544",
   "PrincipalType": "Group"
  },
  {
   "RightName": "GenericAll",
   "IsInherited": false,
   "PrincipalSID": "S-1-5-21-1416213050-106196312-571527550-512",
   "PrincipalType": "Group"
  },
  {
   "RightName": "GenericAll",
   "IsInherited": false,
   "PrincipalSID": "COMPLYEDGE.COM-S-1-5-32-548",
   "PrincipalType": "Group"
  },
  {
   "RightName": "GenericAll",
   "IsInherited": true,
   "PrincipalSID": "S-1-5-21-1416213050-106196312-571527550-519",
   "PrincipalType": "Group"
  },
  {
   "RightName": "GenericWrite",
   "IsInherited": true,
   "PrincipalSID": "COMPLYEDGE.COM-S-1-5-32-544",
   "PrincipalType": "Group"
  },
  {
   "RightName": "WriteOwner",
   "IsInherited": true,
   "PrincipalSID": "COMPLYEDGE.COM-S-1-5-32-544",
   "PrincipalType": "Group"
  },
  {
   "RightName": "WriteDacl",
   "IsInherited": true,
   "PrincipalSID": "COMPLYEDGE.COM-S-1-5-32-544",
   "PrincipalType": "Group"
  }
 ],
 "IsDeleted": false,
 "IsACLProtected": false
},{
 "ObjectIdentifier": "COMPLYEDGE.COM-S-1-5-32-555",
 "Properties": {
  "domain": "COMPLYEDGE.COM",
  "domainsid": "S-1-5-21-1416213050-106196312-571527550",
  "highvalue": false,
  "name": "REMOTE DESKTOP USERS@COMPLYEDGE.COM",
  "distinguishedname": "CN=REMOTE DESKTOP USERS,CN=BUILTIN,DC=COMPLYEDGE,DC=COM",
  "admincount": false,
  "description": "Members in this group are granted the right to logon remotely",
  "samaccountname": "Remote Desktop Users",
  "whencreated": 1594844805
 },
 "Members": [],
 "Aces": [
  {
   "RightName": "Owns",
   "IsInherited": false,
   "PrincipalSID": "COMPLYEDGE.COM-S-1-5-32-544",
   "PrincipalType": "Group"
  },
  {
   "RightName": "GenericAll",
   "IsInherited": false,
   "PrincipalSID": "S-1-5-21-1416213050-106196312-571527550-512",
   "PrincipalType": "Group"
  },
  {
   "RightName": "GenericAll",
   "IsInherited": false,
   "PrincipalSID": "COMPLYEDGE.COM-S-1-5-32-548",
   "PrincipalType": "Group"
  },
  {
   "RightName": "GenericAll",
   "IsInherited": true,
   "PrincipalSID": "S-1-5-21-1416213050-106196312-571527550-519",
   "PrincipalType": "Group"
  },
  {
   "RightName": "GenericWrite",
   "IsInherited": true,
   "PrincipalSID": "COMPLYEDGE.COM-S-1-5-32-544",
   "PrincipalType": "Group"
  },
  {
   "RightName": "WriteOwner",
   "IsInherited": true,
   "PrincipalSID": "COMPLYEDGE.COM-S-1-5-32-544",
   "PrincipalType": "Group"
  },
  {
   "RightName": "WriteDacl",
   "IsInherited": true,
   "PrincipalSID": "COMPLYEDGE.COM-S-1-5-32-544",
   "PrincipalType": "Group"
  }
 ],
 "IsDeleted": false,
 "IsACLProtected": false
},{
 "ObjectIdentifier": "COMPLYEDGE.COM-S-1-5-32-552",
 "Properties": {
  "domain": "COMPLYEDGE.COM",
  "domainsid": "S-1-5-21-1416213050-106196312-571527550",
  "highvalue": false,
  "name": "REPLICATOR@COMPLYEDGE.COM",
  "distinguishedname": "CN=REPLICATOR,CN=BUILTIN,DC=COMPLYEDGE,DC=COM",
  "admincount": true,
  "description": "Supports file replication in a domain",
  "samaccountname": "Replicator",
  "whencreated": 1594844805
 },
 "Members": [],
 "Aces": [
  {
   "RightName": "Owns",
   "IsInherited": false,
   "PrincipalSID": "S-1-5-21-1416213050-106196312-571527550-512",
   "PrincipalType": "Group"
  },
  {
   "RightName": "GenericWrite",
   "IsInherited": false,
   "PrincipalSID": "S-1-5-21-1416213050-106196312-571527550-512",
   "PrincipalType": "Group"
  },
  {
   "RightName": "WriteOwner",
   "IsInherited": false,
   "PrincipalSID": "S-1-5-21-1416213050-106196312-571527550-512",
   "PrincipalType": "Group"
  },
  {
   "RightName": "WriteDacl",
   "IsInherited": false,
   "PrincipalSID": "S-1-5-21-1416213050-106196312-571527550-512",
   "PrincipalType": "Group"
  },
  {
   "RightName": "GenericWrite",
   "IsInherited": false,
   "PrincipalSID": "S-1-5-21-1416213050-106196312-571527550-519",
   "PrincipalType": "Group"
  },
  {
   "RightName": "WriteOwner",
   "IsInherited": false,
   "PrincipalSID": "S-1-5-21-1416213050-106196312-571527550-519",
   "PrincipalType": "Group"
  },
  {
   "RightName": "WriteDacl",
   "IsInherited": false,
   "PrincipalSID": "S-1-5-21-1416213050-106196312-571527550-519",
   "PrincipalType": "Group"
  },
  {
   "RightName": "GenericWrite",
   "IsInherited": false,
   "PrincipalSID": "COMPLYEDGE.COM-S-1-5-32-544",
   "PrincipalType": "Group"
  },
  {
   "RightName": "WriteOwner",
   "IsInherited": false,
   "PrincipalSID": "COMPLYEDGE.COM-S-1-5-32-544",
   "PrincipalType": "Group"
  },
  {
   "RightName": "WriteDacl",
   "IsInherited": false,
   "PrincipalSID": "COMPLYEDGE.COM-S-1-5-32-544",
   "PrincipalType": "Group"
  }
 ],
 "IsDeleted": false,
 "IsACLProtected": true
},{
 "ObjectIdentifier": "COMPLYEDGE.COM-S-1-5-32-551",
 "Properties": {
  "domain": "COMPLYEDGE.COM",
  "domainsid": "S-1-5-21-1416213050-106196312-571527550",
  "highvalue": true,
  "name": "BACKUP OPERATORS@COMPLYEDGE.COM",
  "distinguishedname": "CN=BACKUP OPERATORS,CN=BUILTIN,DC=COMPLYEDGE,DC=COM",
  "admincount": true,
  "description": "Backup Operators can override security restrictions for the sole purpose of backing up or restoring files",
  "samaccountname": "Backup Operators",
  "whencreated": 1594844805
 },
 "Members": [],
 "Aces": [
  {
   "RightName": "Owns",
   "IsInherited": false,
   "PrincipalSID": "S-1-5-21-1416213050-106196312-571527550-512",
   "PrincipalType": "Group"
  },
  {
   "RightName": "GenericWrite",
   "IsInherited": false,
   "PrincipalSID": "S-1-5-21-1416213050-106196312-571527550-512",
   "PrincipalType": "Group"
  },
  {
   "RightName": "WriteOwner",
   "IsInherited": false,
   "PrincipalSID": "S-1-5-21-1416213050-106196312-571527550-512",
   "PrincipalType": "Group"
  },
  {
   "RightName": "WriteDacl",
   "IsInherited": false,
   "PrincipalSID": "S-1-5-21-1416213050-106196312-571527550-512",
   "PrincipalType": "Group"
  },
  {
   "RightName": "GenericWrite",
   "IsInherited": false,
   "PrincipalSID": "S-1-5-21-1416213050-106196312-571527550-519",
   "PrincipalType": "Group"
  },
  {
   "RightName": "WriteOwner",
   "IsInherited": false,
   "PrincipalSID": "S-1-5-21-1416213050-106196312-571527550-519",
   "PrincipalType": "Group"
  },
  {
   "RightName": "WriteDacl",
   "IsInherited": false,
   "PrincipalSID": "S-1-5-21-1416213050-106196312-571527550-519",
   "PrincipalType": "Group"
  },
  {
   "RightName": "GenericWrite",
   "IsInherited": false,
   "PrincipalSID": "COMPLYEDGE.COM-S-1-5-32-544",
   "PrincipalType": "Group"
  },
  {
   "RightName": "WriteOwner",
   "IsInherited": false,
   "PrincipalSID": "COMPLYEDGE.COM-S-1-5-32-544",
   "PrincipalType": "Group"
  },
  {
   "RightName": "WriteDacl",
   "IsInherited": false,
   "PrincipalSID": "COMPLYEDGE.COM-S-1-5-32-544",
   "PrincipalType": "Group"
  }
 ],
 "IsDeleted": false,
 "IsACLProtected": true
},{
 "ObjectIdentifier": "COMPLYEDGE.COM-S-1-5-32-550",
 "Properties": {
  "domain": "COMPLYEDGE.COM",
  "domainsid": "S-1-5-21-1416213050-106196312-571527550",
  "highvalue": true,
  "name": "PRINT OPERATORS@COMPLYEDGE.COM",
  "distinguishedname": "CN=PRINT OPERATORS,CN=BUILTIN,DC=COMPLYEDGE,DC=COM",
  "admincount": true,
  "description": "Members can administer printers installed on domain controllers",
  "samaccountname": "Print Operators",
  "whencreated": 1594844805
 },
 "Members": [],
 "Aces": [
  {
   "RightName": "Owns",
   "IsInherited": false,
   "PrincipalSID": "S-1-5-21-1416213050-106196312-571527550-512",
   "PrincipalType": "Group"
  },
  {
   "RightName": "GenericWrite",
   "IsInherited": false,
   "PrincipalSID": "S-1-5-21-1416213050-106196312-571527550-512",
   "PrincipalType": "Group"
  },
  {
   "RightName": "WriteOwner",
   "IsInherited": false,
   "PrincipalSID": "S-1-5-21-1416213050-106196312-571527550-512",
   "PrincipalType": "Group"
  },
  {
   "RightName": "WriteDacl",
   "IsInherited": false,
   "PrincipalSID": "S-1-5-21-1416213050-106196312-571527550-512",
   "PrincipalType": "Group"
  },
  {
   "RightName": "GenericWrite",
   "IsInherited": false,
   "PrincipalSID": "S-1-5-21-1416213050-106196312-571527550-519",
   "PrincipalType": "Group"
  },
  {
   "RightName": "WriteOwner",
   "IsInherited": false,
   "PrincipalSID": "S-1-5-21-1416213050-106196312-571527550-519",
   "PrincipalType": "Group"
  },
  {
   "RightName": "WriteDacl",
   "IsInherited": false,
   "PrincipalSID": "S-1-5-21-1416213050-106196312-571527550-519",
   "PrincipalType": "Group"
  },
  {
   "RightName": "GenericWrite",
   "IsInherited": false,
   "PrincipalSID": "COMPLYEDGE.COM-S-1-5-32-544",
   "PrincipalType": "Group"
  },
  {
   "RightName": "WriteOwner",
   "IsInherited": false,
   "PrincipalSID": "COMPLYEDGE.COM-S-1-5-32-544",
   "PrincipalType": "Group"
  },
  {
   "RightName": "WriteDacl",
   "IsInherited": false,
   "PrincipalSID": "COMPLYEDGE.COM-S-1-5-32-544",
   "PrincipalType": "Group"
  }
 ],
 "IsDeleted": false,
 "IsACLProtected": true
},{
 "ObjectIdentifier": "COMPLYEDGE.COM-S-1-5-32-546",
 "Properties": {
  "domain": "COMPLYEDGE.COM",
  "domainsid": "S-1-5-21-1416213050-106196312-571527550",
  "highvalue": false,
  "name": "GUESTS@COMPLYEDGE.COM",
  "distinguishedname": "CN=GUESTS,CN=BUILTIN,DC=COMPLYEDGE,DC=COM",
  "admincount": false,
  "description": "Guests have the same access as members of the Users group by default, except for the Guest account which is further restricted",
  "samaccountname": "Guests",
  "whencreated": 1594844805
 },
 "Members": [
  {
   "ObjectIdentifier": "S-1-5-21-1416213050-106196312-571527550-514",
   "ObjectType": "Group"
  },
  {
   "ObjectIdentifier": "S-1-5-21-1416213050-106196312-571527550-501",
   "ObjectType": "User"
  }
 ],
 "Aces": [
  {
   "RightName": "Owns",
   "IsInherited": false,
   "PrincipalSID": "COMPLYEDGE.COM-S-1-5-32-544",
   "PrincipalType": "Group"
  },
  {
   "RightName": "GenericAll",
   "IsInherited": false,
   "PrincipalSID": "S-1-5-21-1416213050-106196312-571527550-512",
   "PrincipalType": "Group"
  },
  {
   "RightName": "GenericAll",
   "IsInherited": false,
   "PrincipalSID": "COMPLYEDGE.COM-S-1-5-32-548",
   "PrincipalType": "Group"
  },
  {
   "RightName": "GenericAll",
   "IsInherited": true,
   "PrincipalSID": "S-1-5-21-1416213050-106196312-571527550-519",
   "PrincipalType": "Group"
  },
  {
   "RightName": "GenericWrite",
   "IsInherited": true,
   "PrincipalSID": "COMPLYEDGE.COM-S-1-5-32-544",
   "PrincipalType": "Group"
  },
  {
   "RightName": "WriteOwner",
   "IsInherited": true,
   "PrincipalSID": "COMPLYEDGE.COM-S-1-5-32-544",
   "PrincipalType": "Group"
  },
  {
   "RightName": "WriteDacl",
   "IsInherited": true,
   "PrincipalSID": "COMPLYEDGE.COM-S-1-5-32-544",
   "PrincipalType": "Group"
  }
 ],
 "IsDeleted": false,
 "IsACLProtected": false
},{
 "ObjectIdentifier": "COMPLYEDGE.COM-S-1-5-32-545",
 "Properties": {
  "domain": "COMPLYEDGE.COM",
  "domainsid": "S-1-5-21-1416213050-106196312-571527550",
  "highvalue": false,
  "name": "USERS@COMPLYEDGE.COM",
  "distinguishedname": "CN=USERS,CN=BUILTIN,DC=COMPLYEDGE,DC=COM",
  "admincount": false,
  "description": "Users are prevented from making accidental or intentional system-wide changes and can run most applications",
  "samaccountname": "Users",
  "whencreated": 1594844805
 },
 "Members": [
  {
   "ObjectIdentifier": "S-1-5-21-1416213050-106196312-571527550-513",
   "ObjectType": "Group"
  },
  {
   "ObjectIdentifier": "COMPLYEDGE.COM-S-1-5-11",
   "ObjectType": "Group"
  },
  {
   "ObjectIdentifier": "COMPLYEDGE.COM-S-1-5-4",
   "ObjectType": "Group"
  }
 ],
 "Aces": [
  {
   "RightName": "Owns",
   "IsInherited": false,
   "PrincipalSID": "COMPLYEDGE.COM-S-1-5-32-544",
   "PrincipalType": "Group"
  },
  {
   "RightName": "GenericAll",
   "IsInherited": false,
   "PrincipalSID": "S-1-5-21-1416213050-106196312-571527550-512",
   "PrincipalType": "Group"
  },
  {
   "RightName": "GenericAll",
   "IsInherited": false,
   "PrincipalSID": "COMPLYEDGE.COM-S-1-5-32-548",
   "PrincipalType": "Group"
  },
  {
   "RightName": "GenericAll",
   "IsInherited": true,
   "PrincipalSID": "S-1-5-21-1416213050-106196312-571527550-519",
   "PrincipalType": "Group"
  },
  {
   "RightName": "GenericWrite",
   "IsInherited": true,
   "PrincipalSID": "COMPLYEDGE.COM-S-1-5-32-544",
   "PrincipalType": "Group"
  },
  {
   "RightName": "WriteOwner",
   "IsInherited": true,
   "PrincipalSID": "COMPLYEDGE.COM-S-1-5-32-544",
   "PrincipalType": "Group"
  },
  {
   "RightName": "WriteDacl",
   "IsInherited": true,
   "PrincipalSID": "COMPLYEDGE.COM-S-1-5-32-544",
   "PrincipalType": "Group"
  }
 ],
 "IsDeleted": false,
 "IsACLProtected": false
},{
 "ObjectIdentifier": "COMPLYEDGE.COM-S-1-5-32-544",
 "Properties": {
  "domain": "COMPLYEDGE.COM",
  "domainsid": "S-1-5-21-1416213050-106196312-571527550",
  "highvalue": true,
  "name": "ADMINISTRATORS@COMPLYEDGE.COM",
  "distinguishedname": "CN=ADMINISTRATORS,CN=BUILTIN,DC=COMPLYEDGE,DC=COM",
  "admincount": true,
  "description": "Administrators have complete and unrestricted access to the computer/domain",
  "samaccountname": "Administrators",
  "whencreated": 1594844805
 },
 "Members": [
  {
   "ObjectIdentifier": "S-1-5-21-1416213050-106196312-571527550-512",
   "ObjectType": "Group"
  },
  {
   "ObjectIdentifier": "S-1-5-21-1416213050-106196312-571527550-519",
   "ObjectType": "Group"
  },
  {
   "ObjectIdentifier": "S-1-5-21-1416213050-106196312-571527550-500",
   "ObjectType": "User"
  }
 ],
 "Aces": [
  {
   "RightName": "Owns",
   "IsInherited": false,
   "PrincipalSID": "S-1-5-21-1416213050-106196312-571527550-512",
   "PrincipalType": "Group"
  },
  {
   "RightName": "GenericWrite",
   "IsInherited": false,
   "PrincipalSID": "S-1-5-21-1416213050-106196312-571527550-512",
   "PrincipalType": "Group"
  },
  {
   "RightName": "WriteOwner",
   "IsInherited": false,
   "PrincipalSID": "S-1-5-21-1416213050-106196312-571527550-512",
   "PrincipalType": "Group"
  },
  {
   "RightName": "WriteDacl",
   "IsInherited": false,
   "PrincipalSID": "S-1-5-21-1416213050-106196312-571527550-512",
   "PrincipalType": "Group"
  },
  {
   "RightName": "GenericWrite",
   "IsInherited": false,
   "PrincipalSID": "S-1-5-21-1416213050-106196312-571527550-519",
   "PrincipalType": "Group"
  },
  {
   "RightName": "WriteOwner",
   "IsInherited": false,
   "PrincipalSID": "S-1-5-21-1416213050-106196312-571527550-519",
   "PrincipalType": "Group"
  },
  {
   "RightName": "WriteDacl",
   "IsInherited": false,
   "PrincipalSID": "S-1-5-21-1416213050-106196312-571527550-519",
   "PrincipalType": "Group"
  },
  {
   "RightName": "GenericWrite",
   "IsInherited": false,
   "PrincipalSID": "COMPLYEDGE.COM-S-1-5-32-544",
   "PrincipalType": "Group"
  },
  {
   "RightName": "WriteOwner",
   "IsInherited": false,
   "PrincipalSID": "COMPLYEDGE.COM-S-1-5-32-544",
   "PrincipalType": "Group"
  },
  {
   "RightName": "WriteDacl",
   "IsInherited": false,
   "PrincipalSID": "COMPLYEDGE.COM-S-1-5-32-544",
   "PrincipalType": "Group"
  }
 ],
 "IsDeleted": false,
 "IsACLProtected": true
}],"meta":{"methods":0,"type":"groups","count":52, "version":5}}