{"data":[{
 "ObjectIdentifier": "7417C269-935B-4F8E-8886-B9E98710544A",
 "Properties": {
  "domain": "COMPLYEDGE.COM",
  "name": "DEFAULT DOMAIN CONTROLLERS POLICY@COMPLYEDGE.COM",
  "distinguishedname": "CN={6AC1786C-016F-11D2-945F-00C04FB984F9},CN=POLICIES,CN=SYSTEM,DC=COMPLYEDGE,DC=COM",
  "domainsid": "S-1-5-21-1416213050-106196312-571527550",
  "highvalue": false,
  "gpcpath": "\\\\COMPLYEDGE.COM\\SYSVOL\\COMPLYEDGE.COM\\POLICIES\\{6AC1786C-016F-11D2-945F-00C04FB984F9}",
  "description": "",
  "whencreated": 1594844805
 },
 "IsDeleted": false,
 "IsACLProtected": true,
 "Aces": [
  {
   "RightName": "Owns",
   "IsInherited": false,
   "PrincipalSID": "S-1-5-21-1416213050-106196312-571527550-512",
   "PrincipalType": "Group"
  },
  {
   "RightName": "GenericWrite",
   "IsInherited": false,
   "PrincipalSID": "S-1-5-21-1416213050-106196312-571527550-512",
   "PrincipalType": "Group"
  },
  {
   "RightName": "WriteOwner",
   "IsInherited": false,
   "PrincipalSID": "S-1-5-21-1416213050-106196312-571527550-512",
   "PrincipalType": "Group"
  },
  {
   "RightName": "WriteDacl",
   "IsInherited": false,
   "PrincipalSID": "S-1-5-21-1416213050-106196312-571527550-512",
   "PrincipalType": "Group"
  },
  {
   "RightName": "GenericWrite",
   "IsInherited": false,
   "PrincipalSID": "S-1-5-21-1416213050-106196312-571527550-519",
   "PrincipalType": "Group"
  },
  {
   "RightName": "WriteOwner",
   "IsInherited": false,
   "PrincipalSID": "S-1-5-21-1416213050-106196312-571527550-519",
   "PrincipalType": "Group"
  },
  {
   "RightName": "WriteDacl",
   "IsInherited": false,
   "PrincipalSID": "S-1-5-21-1416213050-106196312-571527550-519",
   "PrincipalType": "Group"
  },
  {
   "RightName": "GenericWrite",
   "IsInherited": false,
   "PrincipalSID": "S-1-5-21-1416213050-106196312-571527550-512",
   "PrincipalType": "Group"
  },
  {
   "RightName": "WriteOwner",
   "IsInherited": false,
   "PrincipalSID": "S-1-5-21-1416213050-106196312-571527550-512",
   "PrincipalType": "Group"
  },
  {
   "RightName": "WriteDacl",
   "IsInherited": false,
   "PrincipalSID": "S-1-5-21-1416213050-106196312-571527550-512",
   "PrincipalType": "Group"
  }
 ]
},{
 "ObjectIdentifier": "A98C89E0-EC8C-4A9F-B2C9-16D1E536D228",
 "Properties": {
  "domain": "COMPLYEDGE.COM",
  "name": "DEFAULT DOMAIN POLICY@COMPLYEDGE.COM",
  "distinguishedname": "CN={31B2F340-016D-11D2-945F-00C04FB984F9},CN=POLICIES,CN=SYSTEM,DC=COMPLYEDGE,DC=COM",
  "domainsid": "S-1-5-21-1416213050-106196312-571527550",
  "highvalue": false,
  "gpcpath": "\\\\COMPLYEDGE.COM\\SYSVOL\\COMPLYEDGE.COM\\POLICIES\\{31B2F340-016D-11D2-945F-00C04FB984F9}",
  "description": "",
  "whencreated": 1594844805
 },
 "IsDeleted": false,
 "IsACLProtected": true,
 "Aces": [
  {
   "RightName": "Owns",
   "IsInherited": false,
   "PrincipalSID": "S-1-5-21-1416213050-106196312-571527550-512",
   "PrincipalType": "Group"
  },
  {
   "RightName": "GenericWrite",
   "IsInherited": false,
   "PrincipalSID": "S-1-5-21-1416213050-106196312-571527550-512",
   "PrincipalType": "Group"
  },
  {
   "RightName": "WriteOwner",
   "IsInherited": false,
   "PrincipalSID": "S-1-5-21-1416213050-106196312-571527550-512",
   "PrincipalType": "Group"
  },
  {
   "RightName": "WriteDacl",
   "IsInherited": false,
   "PrincipalSID": "S-1-5-21-1416213050-106196312-571527550-512",
   "PrincipalType": "Group"
  },
  {
   "RightName": "GenericWrite",
   "IsInherited": false,
   "PrincipalSID": "S-1-5-21-1416213050-106196312-571527550-519",
   "PrincipalType": "Group"
  },
  {
   "RightName": "WriteOwner",
   "IsInherited": false,
   "PrincipalSID": "S-1-5-21-1416213050-106196312-571527550-519",
   "PrincipalType": "Group"
  },
  {
   "RightName": "WriteDacl",
   "IsInherited": false,
   "PrincipalSID": "S-1-5-21-1416213050-106196312-571527550-519",
   "PrincipalType": "Group"
  },
  {
   "RightName": "GenericWrite",
   "IsInherited": false,
   "PrincipalSID": "S-1-5-21-1416213050-106196312-571527550-512",
   "PrincipalType": "Group"
  },
  {
   "RightName": "WriteOwner",
   "IsInherited": false,
   "PrincipalSID": "S-1-5-21-1416213050-106196312-571527550-512",
   "PrincipalType": "Group"
  },
  {
   "RightName": "WriteDacl",
   "IsInherited": false,
   "PrincipalSID": "S-1-5-21-1416213050-106196312-571527550-512",
   "PrincipalType": "Group"
  }
 ]
}],"meta":{"methods":0,"type":"gpos","count":2, "version":5}}