{"data":[{
 "ObjectIdentifier": "6FB948A4-8E67-4B28-A3D4-F0322EB9A168",
 "Properties": {
  "domain": "COMPLYEDGE.COM",
  "name": "MICROSOFTDNS@COMPLYEDGE.COM",
  "distinguishedname": "CN=MICROSOFTDNS,CN=SYSTEM,DC=COMPLYEDGE,DC=COM",
  "domainsid": "S-1-5-21-1416213050-106196312-571527550",
  "highvalue": false,
  "description": "",
  "whencreated": 1594844930
 },
 "IsDeleted": false,
 "IsACLProtected": false,
 "Aces": [
  {
   "RightName": "GenericAll",
   "IsInherited": false,
   "PrincipalSID": "S-1-5-21-1416213050-106196312-571527550-512",
   "PrincipalType": "Group"
  },
  {
   "RightName": "WriteOwner",
   "IsInherited": false,
   "PrincipalSID": "S-1-5-21-1416213050-106196312-571527550-1101",
   "PrincipalType": "Group"
  },
  {
   "RightName": "WriteDacl",
   "IsInherited": false,
   "PrincipalSID": "S-1-5-21-1416213050-106196312-571527550-1101",
   "PrincipalType": "Group"
  },
  {
   "RightName": "WriteOwner",
   "IsInherited": false,
   "PrincipalSID": "COMPLYEDGE.COM-S-1-5-9",
   "PrincipalType": "Group"
  },
  {
   "RightName": "WriteDacl",
   "IsInherited": false,
   "PrincipalSID": "COMPLYEDGE.COM-S-1-5-9",
   "PrincipalType": "Group"
  },
  {
   "RightName": "GenericAll",
   "IsInherited": true,
   "PrincipalSID": "S-1-5-21-1416213050-106196312-571527550-519",
   "PrincipalType": "Group"
  },
  {
   "RightName": "WriteOwner",
   "IsInherited": true,
   "PrincipalSID": "COMPLYEDGE.COM-S-1-5-32-544",
   "PrincipalType": "Group"
  },
  {
   "RightName": "WriteDacl",
   "IsInherited": true,
   "PrincipalSID": "COMPLYEDGE.COM-S-1-5-32-544",
   "PrincipalType": "Group"
  }
 ],
 "ChildObjects": []
},{
 "ObjectIdentifier": "E98E2806-DEBC-4A47-8C62-E8FE8A50CD7D",
 "Properties": {
  "domain": "COMPLYEDGE.COM",
  "name": "WMIGPO@COMPLYEDGE.COM",
  "distinguishedname": "CN=WMIGPO,CN=WMIPOLICY,CN=SYSTEM,DC=COMPLYEDGE,DC=COM",
  "domainsid": "S-1-5-21-1416213050-106196312-571527550",
  "highvalue": false,
  "description": "",
  "whencreated": 1594844805
 },
 "IsDeleted": false,
 "IsACLProtected": false,
 "Aces": [
  {
   "RightName": "Owns",
   "IsInherited": false,
   "PrincipalSID": "S-1-5-21-1416213050-106196312-571527550-512",
   "PrincipalType": "Group"
  },
  {
   "RightName": "WriteOwner",
   "IsInherited": false,
   "PrincipalSID": "S-1-5-21-1416213050-106196312-571527550-512",
   "PrincipalType": "Group"
  },
  {
   "RightName": "WriteDacl",
   "IsInherited": false,
   "PrincipalSID": "S-1-5-21-1416213050-106196312-571527550-512",
   "PrincipalType": "Group"
  },
  {
   "RightName": "GenericAll",
   "IsInherited": true,
   "PrincipalSID": "S-1-5-21-1416213050-106196312-571527550-519",
   "PrincipalType": "Group"
  },
  {
   "RightName": "GenericAll",
   "IsInherited": true,
   "PrincipalSID": "S-1-5-21-1416213050-106196312-571527550-512",
   "PrincipalType": "Group"
  }
 ],
 "ChildObjects": []
},{
 "ObjectIdentifier": "E97D19E5-0116-4FD4-99C4-3D74D813BA92",
 "Properties": {
  "domain": "COMPLYEDGE.COM",
  "name": "POLICYTYPE@COMPLYEDGE.COM",
  "distinguishedname": "CN=POLICYTYPE,CN=WMIPOLICY,CN=SYSTEM,DC=COMPLYEDGE,DC=COM",
  "domainsid": "S-1-5-21-1416213050-106196312-571527550",
  "highvalue": false,
  "description": "",
  "whencreated": 1594844805
 },
 "IsDeleted": false,
 "IsACLProtected": false,
 "Aces": [
  {
   "RightName": "Owns",
   "IsInherited": false,
   "PrincipalSID": "S-1-5-21-1416213050-106196312-571527550-512",
   "PrincipalType": "Group"
  },
  {
   "RightName": "WriteOwner",
   "IsInherited": false,
   "PrincipalSID": "S-1-5-21-1416213050-106196312-571527550-512",
   "PrincipalType": "Group"
  },
  {
   "RightName": "WriteDacl",
   "IsInherited": false,
   "PrincipalSID": "S-1-5-21-1416213050-106196312-571527550-512",
   "PrincipalType": "Group"
  },
  {
   "RightName": "GenericAll",
   "IsInherited": true,
   "PrincipalSID": "S-1-5-21-1416213050-106196312-571527550-519",
   "PrincipalType": "Group"
  },
  {
   "RightName": "GenericAll",
   "IsInherited": true,
   "PrincipalSID": "S-1-5-21-1416213050-106196312-571527550-512",
   "PrincipalType": "Group"
  }
 ],
 "ChildObjects": []
},{
 "ObjectIdentifier": "AC13F603-39C5-40B3-9E5B-E0CBAF25720A",
 "Properties": {
  "domain": "COMPLYEDGE.COM",
  "name": "SOM@COMPLYEDGE.COM",
  "distinguishedname": "CN=SOM,CN=WMIPOLICY,CN=SYSTEM,DC=COMPLYEDGE,DC=COM",
  "domainsid": "S-1-5-21-1416213050-106196312-571527550",
  "highvalue": false,
  "description": "",
  "whencreated": 1594844805
 },
 "IsDeleted": false,
 "IsACLProtected": true,
 "Aces": [
  {
   "RightName": "Owns",
   "IsInherited": false,
   "PrincipalSID": "S-1-5-21-1416213050-106196312-571527550-512",
   "PrincipalType": "Group"
  },
  {
   "RightName": "GenericAll",
   "IsInherited": false,
   "PrincipalSID": "S-1-5-21-1416213050-106196312-571527550-512",
   "PrincipalType": "Group"
  },
  {
   "RightName": "GenericAll",
   "IsInherited": false,
   "PrincipalSID": "S-1-5-21-1416213050-106196312-571527550-519",
   "PrincipalType": "Group"
  }
 ],
 "ChildObjects": []
},{
 "ObjectIdentifier": "33263A52-2EFF-4582-AEB8-B88645241027",
 "Properties": {
  "domain": "COMPLYEDGE.COM",
  "name": "POLICYTEMPLATE@COMPLYEDGE.COM",
  "distinguishedname": "CN=POLICYTEMPLATE,CN=WMIPOLICY,CN=SYSTEM,DC=COMPLYEDGE,DC=COM",
  "domainsid": "S-1-5-21-1416213050-106196312-571527550",
  "highvalue": false,
  "description": "",
  "whencreated": 1594844805
 },
 "IsDeleted": false,
 "IsACLProtected": false,
 "Aces": [
  {
   "RightName": "Owns",
   "IsInherited": false,
   "PrincipalSID": "S-1-5-21-1416213050-106196312-571527550-512",
   "PrincipalType": "Group"
  },
  {
   "RightName": "WriteOwner",
   "IsInherited": false,
   "PrincipalSID": "S-1-5-21-1416213050-106196312-571527550-512",
   "PrincipalType": "Group"
  },
  {
   "RightName": "WriteDacl",
   "IsInherited": false,
   "PrincipalSID": "S-1-5-21-1416213050-106196312-571527550-512",
   "PrincipalType": "Group"
  },
  {
   "RightName": "GenericAll",
   "IsInherited": true,
   "PrincipalSID": "S-1-5-21-1416213050-106196312-571527550-519",
   "PrincipalType": "Group"
  },
  {
   "RightName": "GenericAll",
   "IsInherited": true,
   "PrincipalSID": "S-1-5-21-1416213050-106196312-571527550-512",
   "PrincipalType": "Group"
  }
 ],
 "ChildObjects": []
},{
 "ObjectIdentifier": "C4041D0D-3656-411F-A363-C1A221618A70",
 "Properties": {
  "domain": "COMPLYEDGE.COM",
  "name": "WMIPOLICY@COMPLYEDGE.COM",
  "distinguishedname": "CN=WMIPOLICY,CN=SYSTEM,DC=COMPLYEDGE,DC=COM",
  "domainsid": "S-1-5-21-1416213050-106196312-571527550",
  "highvalue": false,
  "description": "",
  "whencreated": 1594844805
 },
 "IsDeleted": false,
 "IsACLProtected": true,
 "Aces": [
  {
   "RightName": "Owns",
   "IsInherited": false,
   "PrincipalSID": "S-1-5-21-1416213050-106196312-571527550-512",
   "PrincipalType": "Group"
  },
  {
   "RightName": "GenericAll",
   "IsInherited": false,
   "PrincipalSID": "S-1-5-21-1416213050-106196312-571527550-519",
   "PrincipalType": "Group"
  },
  {
   "RightName": "GenericAll",
   "IsInherited": false,
   "PrincipalSID": "S-1-5-21-1416213050-106196312-571527550-512",
   "PrincipalType": "Group"
  }
 ],
 "ChildObjects": []
},{
 "ObjectIdentifier": "82F90DF7-F117-488D-AA00-BC95A83D6F62",
 "Properties": {
  "domain": "COMPLYEDGE.COM",
  "name": "COMPARTITIONSETS@COMPLYEDGE.COM",
  "distinguishedname": "CN=COMPARTITIONSETS,CN=SYSTEM,DC=COMPLYEDGE,DC=COM",
  "domainsid": "S-1-5-21-1416213050-106196312-571527550",
  "highvalue": false,
  "description": "",
  "whencreated": 1594844805
 },
 "IsDeleted": false,
 "IsACLProtected": false,
 "Aces": [
  {
   "RightName": "Owns",
   "IsInherited": false,
   "PrincipalSID": "S-1-5-21-1416213050-106196312-571527550-512",
   "PrincipalType": "Group"
  },
  {
   "RightName": "WriteOwner",
   "IsInherited": false,
   "PrincipalSID": "S-1-5-21-1416213050-106196312-571527550-512",
   "PrincipalType": "Group"
  },
  {
   "RightName": "WriteDacl",
   "IsInherited": false,
   "PrincipalSID": "S-1-5-21-1416213050-106196312-571527550-512",
   "PrincipalType": "Group"
  },
  {
   "RightName": "GenericAll",
   "IsInherited": true,
   "PrincipalSID": "S-1-5-21-1416213050-106196312-571527550-519",
   "PrincipalType": "Group"
  },
  {
   "RightName": "WriteOwner",
   "IsInherited": true,
   "PrincipalSID": "COMPLYEDGE.COM-S-1-5-32-544",
   "PrincipalType": "Group"
  },
  {
   "RightName": "WriteDacl",
   "IsInherited": true,
   "PrincipalSID": "COMPLYEDGE.COM-S-1-5-32-544",
   "PrincipalType": "Group"
  }
 ],
 "ChildObjects": []
},{
 "ObjectIdentifier": "7A4CF82C-0DEA-4E5C-92A3-EA2C236A9224",
 "Properties": {
  "domain": "COMPLYEDGE.COM",
  "name": "COMPARTITIONS@COMPLYEDGE.COM",
  "distinguishedname": "CN=COMPARTITIONS,CN=SYSTEM,DC=COMPLYEDGE,DC=COM",
  "domainsid": "S-1-5-21-1416213050-106196312-571527550",
  "highvalue": false,
  "description": "",
  "whencreated": 1594844805
 },
 "IsDeleted": false,
 "IsACLProtected": false,
 "Aces": [
  {
   "RightName": "Owns",
   "IsInherited": false,
   "PrincipalSID": "S-1-5-21-1416213050-106196312-571527550-512",
   "PrincipalType": "Group"
  },
  {
   "RightName": "WriteOwner",
   "IsInherited": false,
   "PrincipalSID": "S-1-5-21-1416213050-106196312-571527550-512",
   "PrincipalType": "Group"
  },
  {
   "RightName": "WriteDacl",
   "IsInherited": false,
   "PrincipalSID": "S-1-5-21-1416213050-106196312-571527550-512",
   "PrincipalType": "Group"
  },
  {
   "RightName": "GenericAll",
   "IsInherited": true,
   "PrincipalSID": "S-1-5-21-1416213050-106196312-571527550-519",
   "PrincipalType": "Group"
  },
  {
   "RightName": "WriteOwner",
   "IsInherited": true,
   "PrincipalSID": "COMPLYEDGE.COM-S-1-5-32-544",
   "PrincipalType": "Group"
  },
  {
   "RightName": "WriteDacl",
   "IsInherited": true,
   "PrincipalSID": "COMPLYEDGE.COM-S-1-5-32-544",
   "PrincipalType": "Group"
  }
 ],
 "ChildObjects": []
},{
 "ObjectIdentifier": "0CF5C977-7C83-410A-9B9F-B622B0B88BBA",
 "Properties": {
  "domain": "COMPLYEDGE.COM",
  "name": "ADMINSDHOLDER@COMPLYEDGE.COM",
  "distinguishedname": "CN=ADMINSDHOLDER,CN=SYSTEM,DC=COMPLYEDGE,DC=COM",
  "domainsid": "S-1-5-21-1416213050-106196312-571527550",
  "highvalue": false,
  "description": "",
  "whencreated": 1594844805
 },
 "IsDeleted": false,
 "IsACLProtected": true,
 "Aces": [
  {
   "RightName": "Owns",
   "IsInherited": false,
   "PrincipalSID": "S-1-5-21-1416213050-106196312-571527550-512",
   "PrincipalType": "Group"
  },
  {
   "RightName": "WriteOwner",
   "IsInherited": false,
   "PrincipalSID": "S-1-5-21-1416213050-106196312-571527550-512",
   "PrincipalType": "Group"
  },
  {
   "RightName": "WriteDacl",
   "IsInherited": false,
   "PrincipalSID": "S-1-5-21-1416213050-106196312-571527550-512",
   "PrincipalType": "Group"
  },
  {
   "RightName": "WriteOwner",
   "IsInherited": false,
   "PrincipalSID": "S-1-5-21-1416213050-106196312-571527550-519",
   "PrincipalType": "Group"
  },
  {
   "RightName": "WriteDacl",
   "IsInherited": false,
   "PrincipalSID": "S-1-5-21-1416213050-106196312-571527550-519",
   "PrincipalType": "Group"
  },
  {
   "RightName": "WriteOwner",
   "IsInherited": false,
   "PrincipalSID": "COMPLYEDGE.COM-S-1-5-32-544",
   "PrincipalType": "Group"
  },
  {
   "RightName": "WriteDacl",
   "IsInherited": false,
   "PrincipalSID": "COMPLYEDGE.COM-S-1-5-32-544",
   "PrincipalType": "Group"
  }
 ],
 "ChildObjects": []
},{
 "ObjectIdentifier": "DDEF5186-8A18-4277-B83D-AC1E65539BD7",
 "Properties": {
  "domain": "COMPLYEDGE.COM",
  "name": "IP SECURITY@COMPLYEDGE.COM",
  "distinguishedname": "CN=IP SECURITY,CN=SYSTEM,DC=COMPLYEDGE,DC=COM",
  "domainsid": "S-1-5-21-1416213050-106196312-571527550",
  "highvalue": false,
  "description": "",
  "whencreated": 1594844805
 },
 "IsDeleted": false,
 "IsACLProtected": false,
 "Aces": [
  {
   "RightName": "Owns",
   "IsInherited": false,
   "PrincipalSID": "S-1-5-21-1416213050-106196312-571527550-512",
   "PrincipalType": "Group"
  },
  {
   "RightName": "WriteOwner",
   "IsInherited": false,
   "PrincipalSID": "S-1-5-21-1416213050-106196312-571527550-512",
   "PrincipalType": "Group"
  },
  {
   "RightName": "WriteDacl",
   "IsInherited": false,
   "PrincipalSID": "S-1-5-21-1416213050-106196312-571527550-512",
   "PrincipalType": "Group"
  },
  {
   "RightName": "GenericAll",
   "IsInherited": true,
   "PrincipalSID": "S-1-5-21-1416213050-106196312-571527550-519",
   "PrincipalType": "Group"
  },
  {
   "RightName": "WriteOwner",
   "IsInherited": true,
   "PrincipalSID": "COMPLYEDGE.COM-S-1-5-32-544",
   "PrincipalType": "Group"
  },
  {
   "RightName": "WriteDacl",
   "IsInherited": true,
   "PrincipalSID": "COMPLYEDGE.COM-S-1-5-32-544",
   "PrincipalType": "Group"
  }
 ],
 "ChildObjects": []
},{
 "ObjectIdentifier": "85862406-DE36-4CAA-8DC2-0040911F3327",
 "Properties": {
  "domain": "COMPLYEDGE.COM",
  "name": "RAS AND IAS SERVERS ACCESS CHECK@COMPLYEDGE.COM",
  "distinguishedname": "CN=RAS AND IAS SERVERS ACCESS CHECK,CN=SYSTEM,DC=COMPLYEDGE,DC=COM",
  "domainsid": "S-1-5-21-1416213050-106196312-571527550",
  "highvalue": false,
  "description": "",
  "whencreated": 1594844805
 },
 "IsDeleted": false,
 "IsACLProtected": false,
 "Aces": [
  {
   "RightName": "Owns",
   "IsInherited": false,
   "PrincipalSID": "S-1-5-21-1416213050-106196312-571527550-512",
   "PrincipalType": "Group"
  },
  {
   "RightName": "WriteOwner",
   "IsInherited": false,
   "PrincipalSID": "S-1-5-21-1416213050-106196312-571527550-553",
   "PrincipalType": "Group"
  },
  {
   "RightName": "WriteDacl",
   "IsInherited": false,
   "PrincipalSID": "S-1-5-21-1416213050-106196312-571527550-553",
   "PrincipalType": "Group"
  },
  {
   "RightName": "GenericAll",
   "IsInherited": true,
   "PrincipalSID": "S-1-5-21-1416213050-106196312-571527550-519",
   "PrincipalType": "Group"
  },
  {
   "RightName": "WriteOwner",
   "IsInherited": true,
   "PrincipalSID": "COMPLYEDGE.COM-S-1-5-32-544",
   "PrincipalType": "Group"
  },
  {
   "RightName": "WriteDacl",
   "IsInherited": true,
   "PrincipalSID": "COMPLYEDGE.COM-S-1-5-32-544",
   "PrincipalType": "Group"
  }
 ],
 "ChildObjects": []
},{
 "ObjectIdentifier": "0C6BD634-04A2-4E44-B2BB-6370B30EDF30",
 "Properties": {
  "domain": "COMPLYEDGE.COM",
  "name": "POLICIES@COMPLYEDGE.COM",
  "distinguishedname": "CN=POLICIES,CN=SYSTEM,DC=COMPLYEDGE,DC=COM",
  "domainsid": "S-1-5-21-1416213050-106196312-571527550",
  "highvalue": false,
  "description": "",
  "whencreated": 1594844805
 },
 "IsDeleted": false,
 "IsACLProtected": false,
 "Aces": [
  {
   "RightName": "Owns",
   "IsInherited": false,
   "PrincipalSID": "S-1-5-21-1416213050-106196312-571527550-512",
   "PrincipalType": "Group"
  },
  {
   "RightName": "WriteOwner",
   "IsInherited": false,
   "PrincipalSID": "S-1-5-21-1416213050-106196312-571527550-512",
   "PrincipalType": "Group"
  },
  {
   "RightName": "WriteDacl",
   "IsInherited": false,
   "PrincipalSID": "S-1-5-21-1416213050-106196312-571527550-512",
   "PrincipalType": "Group"
  },
  {
   "RightName": "GenericAll",
   "IsInherited": true,
   "PrincipalSID": "S-1-5-21-1416213050-106196312-571527550-519",
   "PrincipalType": "Group"
  },
  {
   "RightName": "WriteOwner",
   "IsInherited": true,
   "PrincipalSID": "COMPLYEDGE.COM-S-1-5-32-544",
   "PrincipalType": "Group"
  },
  {
   "RightName": "WriteDacl",
   "IsInherited": true,
   "PrincipalSID": "COMPLYEDGE.COM-S-1-5-32-544",
   "PrincipalType": "Group"
  }
 ],
 "ChildObjects": []
},{
 "ObjectIdentifier": "0E7402B5-681F-4CF1-8510-997C04078995",
 "Properties": {
  "domain": "COMPLYEDGE.COM",
  "name": "MEETINGS@COMPLYEDGE.COM",
  "distinguishedname": "CN=MEETINGS,CN=SYSTEM,DC=COMPLYEDGE,DC=COM",
  "domainsid": "S-1-5-21-1416213050-106196312-571527550",
  "highvalue": false,
  "description": "",
  "whencreated": 1594844805
 },
 "IsDeleted": false,
 "IsACLProtected": false,
 "Aces": [
  {
   "RightName": "Owns",
   "IsInherited": false,
   "PrincipalSID": "S-1-5-21-1416213050-106196312-571527550-512",
   "PrincipalType": "Group"
  },
  {
   "RightName": "WriteOwner",
   "IsInherited": false,
   "PrincipalSID": "S-1-5-21-1416213050-106196312-571527550-512",
   "PrincipalType": "Group"
  },
  {
   "RightName": "WriteDacl",
   "IsInherited": false,
   "PrincipalSID": "S-1-5-21-1416213050-106196312-571527550-512",
   "PrincipalType": "Group"
  },
  {
   "RightName": "GenericAll",
   "IsInherited": true,
   "PrincipalSID": "S-1-5-21-1416213050-106196312-571527550-519",
   "PrincipalType": "Group"
  },
  {
   "RightName": "WriteOwner",
   "IsInherited": true,
   "PrincipalSID": "COMPLYEDGE.COM-S-1-5-32-544",
   "PrincipalType": "Group"
  },
  {
   "RightName": "WriteDacl",
   "IsInherited": true,
   "PrincipalSID": "COMPLYEDGE.COM-S-1-5-32-544",
   "PrincipalType": "Group"
  }
 ],
 "ChildObjects": []
},{
 "ObjectIdentifier": "4DCD6A4F-97DF-4AD4-8C68-452B60320D5C",
 "Properties": {
  "domain": "COMPLYEDGE.COM",
  "name": "WINSOCKSERVICES@COMPLYEDGE.COM",
  "distinguishedname": "CN=WINSOCKSERVICES,CN=SYSTEM,DC=COMPLYEDGE,DC=COM",
  "domainsid": "S-1-5-21-1416213050-106196312-571527550",
  "highvalue": false,
  "description": "",
  "whencreated": 1594844805
 },
 "IsDeleted": false,
 "IsACLProtected": false,
 "Aces": [
  {
   "RightName": "Owns",
   "IsInherited": false,
   "PrincipalSID": "S-1-5-21-1416213050-106196312-571527550-512",
   "PrincipalType": "Group"
  },
  {
   "RightName": "WriteOwner",
   "IsInherited": false,
   "PrincipalSID": "S-1-5-21-1416213050-106196312-571527550-512",
   "PrincipalType": "Group"
  },
  {
   "RightName": "WriteDacl",
   "IsInherited": false,
   "PrincipalSID": "S-1-5-21-1416213050-106196312-571527550-512",
   "PrincipalType": "Group"
  },
  {
   "RightName": "GenericAll",
   "IsInherited": true,
   "PrincipalSID": "S-1-5-21-1416213050-106196312-571527550-519",
   "PrincipalType": "Group"
  },
  {
   "RightName": "WriteOwner",
   "IsInherited": true,
   "PrincipalSID": "COMPLYEDGE.COM-S-1-5-32-544",
   "PrincipalType": "Group"
  },
  {
   "RightName": "WriteDacl",
   "IsInherited": true,
   "PrincipalSID": "COMPLYEDGE.COM-S-1-5-32-544",
   "PrincipalType": "Group"
  }
 ],
 "ChildObjects": []
},{
 "ObjectIdentifier": "46CC13C9-FBBB-4EF8-8857-3C9F5321D171",
 "Properties": {
  "domain": "COMPLYEDGE.COM",
  "name": "KEYS@COMPLYEDGE.COM",
  "distinguishedname": "CN=KEYS,DC=COMPLYEDGE,DC=COM",
  "domainsid": "S-1-5-21-1416213050-106196312-571527550",
  "highvalue": false,
  "description": "Default container for key objects",
  "whencreated": 1594844805
 },
 "IsDeleted": false,
 "IsACLProtected": true,
 "Aces": [
  {
   "RightName": "Owns",
   "IsInherited": false,
   "PrincipalSID": "S-1-5-21-1416213050-106196312-571527550-512",
   "PrincipalType": "Group"
  },
  {
   "RightName": "GenericAll",
   "IsInherited": false,
   "PrincipalSID": "S-1-5-21-1416213050-106196312-571527550-519",
   "PrincipalType": "Group"
  },
  {
   "RightName": "GenericAll",
   "IsInherited": false,
   "PrincipalSID": "S-1-5-21-1416213050-106196312-571527550-512",
   "PrincipalType": "Group"
  },
  {
   "RightName": "GenericAll",
   "IsInherited": false,
   "PrincipalSID": "S-1-5-21-1416213050-106196312-571527550-516",
   "PrincipalType": "Group"
  },
  {
   "RightName": "GenericAll",
   "IsInherited": false,
   "PrincipalSID": "COMPLYEDGE.COM-S-1-5-9",
   "PrincipalType": "Group"
  },
  {
   "RightName": "GenericAll",
   "IsInherited": false,
   "PrincipalSID": "S-1-5-21-1416213050-106196312-571527550-526",
   "PrincipalType": "Group"
  },
  {
   "RightName": "GenericAll",
   "IsInherited": false,
   "PrincipalSID": "S-1-5-21-1416213050-106196312-571527550-527",
   "PrincipalType": "Group"
  }
 ],
 "ChildObjects": []
},{
 "ObjectIdentifier": "31508DCD-E127-4320-A2E3-2168C6C81D27",
 "Properties": {
  "domain": "COMPLYEDGE.COM",
  "name": "MANAGED SERVICE ACCOUNTS@COMPLYEDGE.COM",
  "distinguishedname": "CN=MANAGED SERVICE ACCOUNTS,DC=COMPLYEDGE,DC=COM",
  "domainsid": "S-1-5-21-1416213050-106196312-571527550",
  "highvalue": false,
  "description": "Default container for managed service accounts",
  "whencreated": 1594844805
 },
 "IsDeleted": false,
 "IsACLProtected": false,
 "Aces": [
  {
   "RightName": "Owns",
   "IsInherited": false,
   "PrincipalSID": "S-1-5-21-1416213050-106196312-571527550-512",
   "PrincipalType": "Group"
  },
  {
   "RightName": "WriteOwner",
   "IsInherited": false,
   "PrincipalSID": "S-1-5-21-1416213050-106196312-571527550-512",
   "PrincipalType": "Group"
  },
  {
   "RightName": "WriteDacl",
   "IsInherited": false,
   "PrincipalSID": "S-1-5-21-1416213050-106196312-571527550-512",
   "PrincipalType": "Group"
  },
  {
   "RightName": "GenericAll",
   "IsInherited": true,
   "PrincipalSID": "S-1-5-21-1416213050-106196312-571527550-519",
   "PrincipalType": "Group"
  },
  {
   "RightName": "WriteOwner",
   "IsInherited": true,
   "PrincipalSID": "COMPLYEDGE.COM-S-1-5-32-544",
   "PrincipalType": "Group"
  },
  {
   "RightName": "WriteDacl",
   "IsInherited": true,
   "PrincipalSID": "COMPLYEDGE.COM-S-1-5-32-544",
   "PrincipalType": "Group"
  }
 ],
 "ChildObjects": []
},{
 "ObjectIdentifier": "41B71647-0CE1-4A13-BBD9-B59CA3EA7EEE",
 "Properties": {
  "domain": "COMPLYEDGE.COM",
  "name": "MICROSOFT@COMPLYEDGE.COM",
  "distinguishedname": "CN=MICROSOFT,CN=PROGRAM DATA,DC=COMPLYEDGE,DC=COM",
  "domainsid": "S-1-5-21-1416213050-106196312-571527550",
  "highvalue": false,
  "description": "Default location for storage of Microsoft application data.",
  "whencreated": 1594844805
 },
 "IsDeleted": false,
 "IsACLProtected": false,
 "Aces": [
  {
   "RightName": "Owns",
   "IsInherited": false,
   "PrincipalSID": "S-1-5-21-1416213050-106196312-571527550-512",
   "PrincipalType": "Group"
  },
  {
   "RightName": "GenericAll",
   "IsInherited": false,
   "PrincipalSID": "S-1-5-21-1416213050-106196312-571527550-512",
   "PrincipalType": "Group"
  },
  {
   "RightName": "GenericAll",
   "IsInherited": true,
   "PrincipalSID": "S-1-5-21-1416213050-106196312-571527550-519",
   "PrincipalType": "Group"
  },
  {
   "RightName": "WriteOwner",
   "IsInherited": true,
   "PrincipalSID": "COMPLYEDGE.COM-S-1-5-32-544",
   "PrincipalType": "Group"
  },
  {
   "RightName": "WriteDacl",
   "IsInherited": true,
   "PrincipalSID": "COMPLYEDGE.COM-S-1-5-32-544",
   "PrincipalType": "Group"
  }
 ],
 "ChildObjects": []
},{
 "ObjectIdentifier": "5DAA03B0-DF0D-409D-89C4-82619B7A12EB",
 "Properties": {
  "domain": "COMPLYEDGE.COM",
  "name": "PROGRAM DATA@COMPLYEDGE.COM",
  "distinguishedname": "CN=PROGRAM DATA,DC=COMPLYEDGE,DC=COM",
  "domainsid": "S-1-5-21-1416213050-106196312-571527550",
  "highvalue": false,
  "description": "Default location for storage of application data.",
  "whencreated": 1594844805
 },
 "IsDeleted": false,
 "IsACLProtected": false,
 "Aces": [
  {
   "RightName": "Owns",
   "IsInherited": false,
   "PrincipalSID": "S-1-5-21-1416213050-106196312-571527550-512",
   "PrincipalType": "Group"
  },
  {
   "RightName": "GenericAll",
   "IsInherited": false,
   "PrincipalSID": "S-1-5-21-1416213050-106196312-571527550-512",
   "PrincipalType": "Group"
  },
  {
   "RightName": "GenericAll",
   "IsInherited": true,
   "PrincipalSID": "S-1-5-21-1416213050-106196312-571527550-519",
   "PrincipalType": "Group"
  },
  {
   "RightName": "WriteOwner",
   "IsInherited": true,
   "PrincipalSID": "COMPLYEDGE.COM-S-1-5-32-544",
   "PrincipalType": "Group"
  },
  {
   "RightName": "WriteDacl",
   "IsInherited": true,
   "PrincipalSID": "COMPLYEDGE.COM-S-1-5-32-544",
   "PrincipalType": "Group"
  }
 ],
 "ChildObjects": []
},{
 "ObjectIdentifier": "F276F640-126C-45F8-BAF0-9F68244A4DA5",
 "Properties": {
  "domain": "COMPLYEDGE.COM",
  "name": "FOREIGNSECURITYPRINCIPALS@COMPLYEDGE.COM",
  "distinguishedname": "CN=FOREIGNSECURITYPRINCIPALS,DC=COMPLYEDGE,DC=COM",
  "domainsid": "S-1-5-21-1416213050-106196312-571527550",
  "highvalue": false,
  "description": "Default container for security identifiers (SIDs) associated with objects from external, trusted domains",
  "whencreated": 1594844805
 },
 "IsDeleted": false,
 "IsACLProtected": false,
 "Aces": [
  {
   "RightName": "Owns",
   "IsInherited": false,
   "PrincipalSID": "S-1-5-21-1416213050-106196312-571527550-512",
   "PrincipalType": "Group"
  },
  {
   "RightName": "GenericAll",
   "IsInherited": false,
   "PrincipalSID": "S-1-5-21-1416213050-106196312-571527550-512",
   "PrincipalType": "Group"
  },
  {
   "RightName": "GenericAll",
   "IsInherited": true,
   "PrincipalSID": "S-1-5-21-1416213050-106196312-571527550-519",
   "PrincipalType": "Group"
  },
  {
   "RightName": "WriteOwner",
   "IsInherited": true,
   "PrincipalSID": "COMPLYEDGE.COM-S-1-5-32-544",
   "PrincipalType": "Group"
  },
  {
   "RightName": "WriteDacl",
   "IsInherited": true,
   "PrincipalSID": "COMPLYEDGE.COM-S-1-5-32-544",
   "PrincipalType": "Group"
  }
 ],
 "ChildObjects": []
},{
 "ObjectIdentifier": "5467CD89-644A-46C8-BD41-97A4024D40D5",
 "Properties": {
  "domain": "COMPLYEDGE.COM",
  "name": "SYSTEM@COMPLYEDGE.COM",
  "distinguishedname": "CN=SYSTEM,DC=COMPLYEDGE,DC=COM",
  "domainsid": "S-1-5-21-1416213050-106196312-571527550",
  "highvalue": false,
  "description": "Builtin system settings",
  "whencreated": 1594844805
 },
 "IsDeleted": false,
 "IsACLProtected": false,
 "Aces": [
  {
   "RightName": "Owns",
   "IsInherited": false,
   "PrincipalSID": "S-1-5-21-1416213050-106196312-571527550-512",
   "PrincipalType": "Group"
  },
  {
   "RightName": "WriteOwner",
   "IsInherited": false,
   "PrincipalSID": "S-1-5-21-1416213050-106196312-571527550-512",
   "PrincipalType": "Group"
  },
  {
   "RightName": "WriteDacl",
   "IsInherited": false,
   "PrincipalSID": "S-1-5-21-1416213050-106196312-571527550-512",
   "PrincipalType": "Group"
  },
  {
   "RightName": "GenericAll",
   "IsInherited": true,
   "PrincipalSID": "S-1-5-21-1416213050-106196312-571527550-519",
   "PrincipalType": "Group"
  },
  {
   "RightName": "WriteOwner",
   "IsInherited": true,
   "PrincipalSID": "COMPLYEDGE.COM-S-1-5-32-544",
   "PrincipalType": "Group"
  },
  {
   "RightName": "WriteDacl",
   "IsInherited": true,
   "PrincipalSID": "COMPLYEDGE.COM-S-1-5-32-544",
   "PrincipalType": "Group"
  }
 ],
 "ChildObjects": []
},{
 "ObjectIdentifier": "AC64AC90-88D4-4168-8487-0FB49485A4A6",
 "Properties": {
  "domain": "COMPLYEDGE.COM",
  "name": "COMPUTERS@COMPLYEDGE.COM",
  "distinguishedname": "CN=COMPUTERS,DC=COMPLYEDGE,DC=COM",
  "domainsid": "S-1-5-21-1416213050-106196312-571527550",
  "highvalue": false,
  "description": "Default container for upgraded computer accounts",
  "whencreated": 1594844805
 },
 "IsDeleted": false,
 "IsACLProtected": false,
 "Aces": [
  {
   "RightName": "Owns",
   "IsInherited": false,
   "PrincipalSID": "S-1-5-21-1416213050-106196312-571527550-512",
   "PrincipalType": "Group"
  },
  {
   "RightName": "WriteOwner",
   "IsInherited": false,
   "PrincipalSID": "S-1-5-21-1416213050-106196312-571527550-512",
   "PrincipalType": "Group"
  },
  {
   "RightName": "WriteDacl",
   "IsInherited": false,
   "PrincipalSID": "S-1-5-21-1416213050-106196312-571527550-512",
   "PrincipalType": "Group"
  },
  {
   "RightName": "GenericAll",
   "IsInherited": true,
   "PrincipalSID": "S-1-5-21-1416213050-106196312-571527550-519",
   "PrincipalType": "Group"
  },
  {
   "RightName": "WriteOwner",
   "IsInherited": true,
   "PrincipalSID": "COMPLYEDGE.COM-S-1-5-32-544",
   "PrincipalType": "Group"
  },
  {
   "RightName": "WriteDacl",
   "IsInherited": true,
   "PrincipalSID": "COMPLYEDGE.COM-S-1-5-32-544",
   "PrincipalType": "Group"
  }
 ],
 "ChildObjects": []
},{
 "ObjectIdentifier": "772FF5CE-22DE-405B-9523-718CEA856192",
 "Properties": {
  "domain": "COMPLYEDGE.COM",
  "name": "USERS@COMPLYEDGE.COM",
  "distinguishedname": "CN=USERS,DC=COMPLYEDGE,DC=COM",
  "domainsid": "S-1-5-21-1416213050-106196312-571527550",
  "highvalue": false,
  "description": "Default container for upgraded user accounts",
  "whencreated": 1594844805
 },
 "IsDeleted": false,
 "IsACLProtected": false,
 "Aces": [
  {
   "RightName": "Owns",
   "IsInherited": false,
   "PrincipalSID": "S-1-5-21-1416213050-106196312-571527550-512",
   "PrincipalType": "Group"
  },
  {
   "RightName": "WriteOwner",
   "IsInherited": false,
   "PrincipalSID": "S-1-5-21-1416213050-106196312-571527550-512",
   "PrincipalType": "Group"
  },
  {
   "RightName": "WriteDacl",
   "IsInherited": false,
   "PrincipalSID": "S-1-5-21-1416213050-106196312-571527550-512",
   "PrincipalType": "Group"
  },
  {
   "RightName": "GenericAll",
   "IsInherited": true,
   "PrincipalSID": "S-1-5-21-1416213050-106196312-571527550-519",
   "PrincipalType": "Group"
  },
  {
   "RightName": "WriteOwner",
   "IsInherited": true,
   "PrincipalSID": "COMPLYEDGE.COM-S-1-5-32-544",
   "PrincipalType": "Group"
  },
  {
   "RightName": "WriteDacl",
   "IsInherited": true,
   "PrincipalSID": "COMPLYEDGE.COM-S-1-5-32-544",
   "PrincipalType": "Group"
  }
 ],
 "ChildObjects": [
  {
   "ObjectIdentifier": "S-1-5-21-1416213050-106196312-571527550-1106",
   "ObjectType": "User"
  },
  {
   "ObjectIdentifier": "S-1-5-21-1416213050-106196312-571527550-518",
   "ObjectType": "Group"
  },
  {
   "ObjectIdentifier": "S-1-5-21-1416213050-106196312-571527550-521",
   "ObjectType": "Group"
  },
  {
   "ObjectIdentifier": "S-1-5-21-1416213050-106196312-571527550-553",
   "ObjectType": "Group"
  },
  {
   "ObjectIdentifier": "S-1-5-21-1416213050-106196312-571527550-525",
   "ObjectType": "Group"
  },
  {
   "ObjectIdentifier": "S-1-5-21-1416213050-106196312-571527550-502",
   "ObjectType": "User"
  },
  {
   "ObjectIdentifier": "S-1-5-21-1416213050-106196312-571527550-526",
   "ObjectType": "Group"
  },
  {
   "ObjectIdentifier": "S-1-5-21-1416213050-106196312-571527550-501",
   "ObjectType": "User"
  },
  {
   "ObjectIdentifier": "S-1-5-21-1416213050-106196312-571527550-520",
   "ObjectType": "Group"
  },
  {
   "ObjectIdentifier": "S-1-5-21-1416213050-106196312-571527550-498",
   "ObjectType": "Group"
  },
  {
   "ObjectIdentifier": "S-1-5-21-1416213050-106196312-571527550-527",
   "ObjectType": "Group"
  },
  {
   "ObjectIdentifier": "S-1-5-21-1416213050-106196312-571527550-519",
   "ObjectType": "Group"
  },
  {
   "ObjectIdentifier": "S-1-5-21-1416213050-106196312-571527550-513",
   "ObjectType": "Group"
  },
  {
   "ObjectIdentifier": "S-1-5-21-1416213050-106196312-571527550-514",
   "ObjectType": "Group"
  },
  {
   "ObjectIdentifier": "S-1-5-21-1416213050-106196312-571527550-516",
   "ObjectType": "Group"
  },
  {
   "ObjectIdentifier": "S-1-5-21-1416213050-106196312-571527550-515",
   "ObjectType": "Group"
  },
  {
   "ObjectIdentifier": "S-1-5-21-1416213050-106196312-571527550-512",
   "ObjectType": "Group"
  },
  {
   "ObjectIdentifier": "S-1-5-21-1416213050-106196312-571527550-1102",
   "ObjectType": "Group"
  },
  {
   "ObjectIdentifier": "S-1-5-21-1416213050-106196312-571527550-1101",
   "ObjectType": "Group"
  },
  {
   "ObjectIdentifier": "S-1-5-21-1416213050-106196312-571527550-572",
   "ObjectType": "Group"
  },
  {
   "ObjectIdentifier": "S-1-5-21-1416213050-106196312-571527550-1104",
   "ObjectType": "trustaccount"
  },
  {
   "ObjectIdentifier": "S-1-5-21-1416213050-106196312-571527550-522",
   "ObjectType": "Group"
  },
  {
   "ObjectIdentifier": "S-1-5-21-1416213050-106196312-571527550-517",
   "ObjectType": "Group"
  },
  {
   "ObjectIdentifier": "S-1-5-21-1416213050-106196312-571527550-571",
   "ObjectType": "Group"
  },
  {
   "ObjectIdentifier": "S-1-5-21-1416213050-106196312-571527550-500",
   "ObjectType": "User"
  }
 ]
}],"meta":{"methods":0,"type":"containers","count":22, "version":5}}