{
 "data": [
  {
   "ObjectIdentifier": "S-1-5-21-1416213050-106196312-571527550",
   "Properties": {
    "name": "COMPLYEDGE.COM",
    "domain": "COMPLYEDGE.COM",
    "domainsid": "S-1-5-21-1416213050-106196312-571527550",
    "distinguishedname": "DC=COMPLYEDGE,DC=COM",
    "description": "",
    "functionallevel": "2016",
    "highvalue": true,
    "whencreated": 1594844798
   },
   "Trusts": [
    {
     "TargetDomainName": "COMPLY.COM",
     "TargetDomainSid": "S-1-5-21-1135011135-3178090508-3151492220",
     "IsTransitive": true,
     "TrustDirection": 3,
     "TrustType": 2,
     "SidFilteringEnabled": true
    }
   ],
   "Aces": [
    {
     "RightName": "Owns",
     "IsInherited": false,
     "PrincipalSID": "COMPLYEDGE.COM-S-1-5-32-544",
     "PrincipalType": "Group"
    },
    {
     "RightName": "GetChanges",
     "IsInherited": false,
     "PrincipalSID": "S-1-5-21-1416213050-106196312-571527550-498",
     "PrincipalType": "Group"
    },
    {
     "RightName": "GetChangesAll",
     "IsInherited": false,
     "PrincipalSID": "S-1-5-21-1416213050-106196312-571527550-516",
     "PrincipalType": "Group"
    },
    {
     "RightName": "GetChangesInFilteredSet",
     "IsInherited": false,
     "PrincipalSID": "COMPLYEDGE.COM-S-1-5-32-544",
     "PrincipalType": "Group"
    },
    {
     "RightName": "GetChanges",
     "IsInherited": false,
     "PrincipalSID": "COMPLYEDGE.COM-S-1-5-32-544",
     "PrincipalType": "Group"
    },
    {
     "RightName": "GetChangesAll",
     "IsInherited": false,
     "PrincipalSID": "COMPLYEDGE.COM-S-1-5-32-544",
     "PrincipalType": "Group"
    },
    {
     "RightName": "GetChangesInFilteredSet",
     "IsInherited": false,
     "PrincipalSID": "COMPLYEDGE.COM-S-1-5-9",
     "PrincipalType": "Group"
    },
    {
     "RightName": "GetChanges",
     "IsInherited": false,
     "PrincipalSID": "COMPLYEDGE.COM-S-1-5-9",
     "PrincipalType": "Group"
    },
    {
     "RightName": "WriteOwner",
     "IsInherited": false,
     "PrincipalSID": "S-1-5-21-1416213050-106196312-571527550-512",
     "PrincipalType": "Group"
    },
    {
     "RightName": "AllExtendedRights",
     "IsInherited": false,
     "PrincipalSID": "S-1-5-21-1416213050-106196312-571527550-512",
     "PrincipalType": "Group"
    },
    {
     "RightName": "WriteDacl",
     "IsInherited": false,
     "PrincipalSID": "S-1-5-21-1416213050-106196312-571527550-512",
     "PrincipalType": "Group"
    },
    {
     "RightName": "GenericAll",
     "IsInherited": false,
     "PrincipalSID": "S-1-5-21-1416213050-106196312-571527550-519",
     "PrincipalType": "Group"
    },
    {
     "RightName": "WriteOwner",
     "IsInherited": false,
     "PrincipalSID": "COMPLYEDGE.COM-S-1-5-32-544",
     "PrincipalType": "Group"
    },
    {
     "RightName": "AllExtendedRights",
     "IsInherited": false,
     "PrincipalSID": "COMPLYEDGE.COM-S-1-5-32-544",
     "PrincipalType": "Group"
    },
    {
     "RightName": "WriteDacl",
     "IsInherited": false,
     "PrincipalSID": "COMPLYEDGE.COM-S-1-5-32-544",
     "PrincipalType": "Group"
    }
   ],
   "Links": [
    {
     "IsEnforced": false,
     "GUID": "A98C89E0-EC8C-4A9F-B2C9-16D1E536D228"
    }
   ],
   "ChildObjects": [
    {
     "ObjectIdentifier": "772FF5CE-22DE-405B-9523-718CEA856192",
     "ObjectType": "Container"
    },
    {
     "ObjectIdentifier": "31508DCD-E127-4320-A2E3-2168C6C81D27",
     "ObjectType": "Container"
    },
    {
     "ObjectIdentifier": "46CC13C9-FBBB-4EF8-8857-3C9F5321D171",
     "ObjectType": "Container"
    },
    {
     "ObjectIdentifier": "F276F640-126C-45F8-BAF0-9F68244A4DA5",
     "ObjectType": "Container"
    },
    {
     "ObjectIdentifier": "24AAD486-34B9-4A27-B31A-28E58251B09F",
     "ObjectType": "OU"
    },
    {
     "ObjectIdentifier": "AC64AC90-88D4-4168-8487-0FB49485A4A6",
     "ObjectType": "Container"
    },
    {
     "ObjectIdentifier": "BEC93BE8-249A-43B8-AE04-24ED0F9FACB8",
     "ObjectType": "OU"
    },
    {
     "ObjectIdentifier": "EA370FA1-6DAB-4F28-ADF1-68D34BA3E237",
     "ObjectType": "OU"
    },
    {
     "ObjectIdentifier": "29E78504-07D3-4322-8988-157383283603",
     "ObjectType": "OU"
    }
   ],
   "GPOChanges": {
    "AffectedComputers": [],
    "DcomUsers": [],
    "LocalAdmins": [],
    "PSRemoteUsers": [],
    "RemoteDesktopUsers": []
   },
   "IsDeleted": false,
   "IsACLProtected": false
  }
 ],
 "meta": {
  "type": "domains",
  "count": 1,
  "version": 5
 }
}