{"data":[{
 "ObjectIdentifier": "S-1-5-21-1416213050-106196312-571527550-1108",
 "AllowedToAct": [],
 "PrimaryGroupSID": "S-1-5-21-1416213050-106196312-571527550-515",
 "LocalAdmins": {
  "Collected": false,
  "FailureReason": null,
  "Results": []
 },
 "PSRemoteUsers": {
  "Collected": false,
  "FailureReason": null,
  "Results": []
 },
 "Properties": {
  "name": "WEB05",
  "domainsid": "S-1-5-21-1416213050-106196312-571527550",
  "domain": "COMPLYEDGE.COM",
  "distinguishedname": "CN=WEB05,OU=CESERVERS,DC=COMPLYEDGE,DC=COM",
  "unconstraineddelegation": false,
  "enabled": true,
  "trustedtoauth": false,
  "samaccountname": "WEB05$",
  "haslaps": false,
  "lastlogon": 1759195699,
  "lastlogontimestamp": 1759194798,
  "pwdlastset": 1759194799,
  "whencreated": 1594885368,
  "serviceprincipalnames": [],
  "description": null,
  "operatingsystem": "pc-linux-gnu",
  "sidhistory": []
 },
 "RemoteDesktopUsers": {
  "Collected": false,
  "FailureReason": null,
  "Results": []
 },
 "DcomUsers": {
  "Collected": false,
  "FailureReason": null,
  "Results": []
 },
 "AllowedToDelegate": [],
 "Sessions": {
  "Collected": false,
  "FailureReason": null,
  "Results": []
 },
 "PrivilegedSessions": {
  "Collected": false,
  "FailureReason": null,
  "Results": []
 },
 "RegistrySessions": {
  "Collected": false,
  "FailureReason": null,
  "Results": []
 },
 "Aces": [
  {
   "RightName": "Owns",
   "IsInherited": false,
   "PrincipalSID": "S-1-5-21-1416213050-106196312-571527550-512",
   "PrincipalType": "Group"
  },
  {
   "RightName": "GenericAll",
   "IsInherited": false,
   "PrincipalSID": "S-1-5-21-1416213050-106196312-571527550-512",
   "PrincipalType": "Group"
  },
  {
   "RightName": "GenericAll",
   "IsInherited": false,
   "PrincipalSID": "COMPLYEDGE.COM-S-1-5-32-548",
   "PrincipalType": "Group"
  },
  {
   "RightName": "AddKeyCredentialLink",
   "IsInherited": true,
   "PrincipalSID": "S-1-5-21-1416213050-106196312-571527550-526",
   "PrincipalType": "Group"
  },
  {
   "RightName": "AddKeyCredentialLink",
   "IsInherited": true,
   "PrincipalSID": "S-1-5-21-1416213050-106196312-571527550-527",
   "PrincipalType": "Group"
  },
  {
   "RightName": "GenericAll",
   "IsInherited": true,
   "PrincipalSID": "S-1-5-21-1416213050-106196312-571527550-519",
   "PrincipalType": "Group"
  },
  {
   "RightName": "GenericWrite",
   "IsInherited": true,
   "PrincipalSID": "COMPLYEDGE.COM-S-1-5-32-544",
   "PrincipalType": "Group"
  },
  {
   "RightName": "WriteOwner",
   "IsInherited": true,
   "PrincipalSID": "COMPLYEDGE.COM-S-1-5-32-544",
   "PrincipalType": "Group"
  },
  {
   "RightName": "WriteDacl",
   "IsInherited": true,
   "PrincipalSID": "COMPLYEDGE.COM-S-1-5-32-544",
   "PrincipalType": "Group"
  }
 ],
 "HasSIDHistory": [],
 "IsDeleted": false,
 "Status": null,
 "IsACLProtected": false
},{
 "ObjectIdentifier": "S-1-5-21-1416213050-106196312-571527550-1000",
 "AllowedToAct": [],
 "PrimaryGroupSID": "S-1-5-21-1416213050-106196312-571527550-516",
 "LocalAdmins": {
  "Collected": true,
  "FailureReason": null,
  "Results": [
   {
    "ObjectIdentifier": "S-1-5-21-1416213050-106196312-571527550-500",
    "ObjectType": "User"
   },
   {
    "ObjectIdentifier": "S-1-5-21-1416213050-106196312-571527550-519",
    "ObjectType": "Group"
   },
   {
    "ObjectIdentifier": "S-1-5-21-1416213050-106196312-571527550-512",
    "ObjectType": "Group"
   }
  ]
 },
 "PSRemoteUsers": {
  "Collected": true,
  "FailureReason": null,
  "Results": []
 },
 "Properties": {
  "name": "DMZDC01.COMPLYEDGE.COM",
  "domainsid": "S-1-5-21-1416213050-106196312-571527550",
  "domain": "COMPLYEDGE.COM",
  "distinguishedname": "CN=DMZDC01,OU=DOMAIN CONTROLLERS,DC=COMPLYEDGE,DC=COM",
  "unconstraineddelegation": true,
  "enabled": true,
  "trustedtoauth": false,
  "samaccountname": "DMZDC01$",
  "haslaps": false,
  "lastlogon": 1759194784,
  "lastlogontimestamp": 1759194778,
  "pwdlastset": 1759194778,
  "whencreated": 1594844890,
  "serviceprincipalnames": [
   "Dfsr-12F9A27C-BF97-4787-9364-D31B6C55EB04/dmzdc01.complyedge.com",
   "TERMSRV/DMZDC01",
   "TERMSRV/dmzdc01.complyedge.com",
   "ldap/dmzdc01.complyedge.com/ForestDnsZones.complyedge.com",
   "ldap/dmzdc01.complyedge.com/DomainDnsZones.complyedge.com",
   "DNS/dmzdc01.complyedge.com",
   "GC/dmzdc01.complyedge.com/complyedge.com",
   "RestrictedKrbHost/dmzdc01.complyedge.com",
   "RestrictedKrbHost/DMZDC01",
   "RPC/1563abc5-89fc-4632-be48-3f4c88bac30c._msdcs.complyedge.com",
   "HOST/DMZDC01/COMPLYEDGE",
   "HOST/dmzdc01.complyedge.com/COMPLYEDGE",
   "HOST/DMZDC01",
   "HOST/dmzdc01.complyedge.com",
   "HOST/dmzdc01.complyedge.com/complyedge.com",
   "E3514235-4B06-11D1-AB04-00C04FC2DCD2/1563abc5-89fc-4632-be48-3f4c88bac30c/complyedge.com",
   "ldap/DMZDC01/COMPLYEDGE",
   "ldap/1563abc5-89fc-4632-be48-3f4c88bac30c._msdcs.complyedge.com",
   "ldap/dmzdc01.complyedge.com/COMPLYEDGE",
   "ldap/DMZDC01",
   "ldap/dmzdc01.complyedge.com",
   "ldap/dmzdc01.complyedge.com/complyedge.com"
  ],
  "description": null,
  "operatingsystem": "Windows Server 2019 Standard",
  "sidhistory": []
 },
 "RemoteDesktopUsers": {
  "Collected": true,
  "FailureReason": null,
  "Results": []
 },
 "DcomUsers": {
  "Collected": true,
  "FailureReason": null,
  "Results": []
 },
 "AllowedToDelegate": [],
 "Sessions": {
  "Collected": true,
  "FailureReason": null,
  "Results": []
 },
 "PrivilegedSessions": {
  "Collected": false,
  "FailureReason": null,
  "Results": []
 },
 "RegistrySessions": {
  "Collected": false,
  "FailureReason": null,
  "Results": []
 },
 "Aces": [
  {
   "RightName": "Owns",
   "IsInherited": false,
   "PrincipalSID": "S-1-5-21-1416213050-106196312-571527550-512",
   "PrincipalType": "Group"
  },
  {
   "RightName": "GenericAll",
   "IsInherited": false,
   "PrincipalSID": "S-1-5-21-1416213050-106196312-571527550-512",
   "PrincipalType": "Group"
  },
  {
   "RightName": "AddKeyCredentialLink",
   "IsInherited": true,
   "PrincipalSID": "S-1-5-21-1416213050-106196312-571527550-526",
   "PrincipalType": "Group"
  },
  {
   "RightName": "AddKeyCredentialLink",
   "IsInherited": true,
   "PrincipalSID": "S-1-5-21-1416213050-106196312-571527550-527",
   "PrincipalType": "Group"
  },
  {
   "RightName": "GenericAll",
   "IsInherited": true,
   "PrincipalSID": "S-1-5-21-1416213050-106196312-571527550-519",
   "PrincipalType": "Group"
  },
  {
   "RightName": "GenericWrite",
   "IsInherited": true,
   "PrincipalSID": "COMPLYEDGE.COM-S-1-5-32-544",
   "PrincipalType": "Group"
  },
  {
   "RightName": "WriteOwner",
   "IsInherited": true,
   "PrincipalSID": "COMPLYEDGE.COM-S-1-5-32-544",
   "PrincipalType": "Group"
  },
  {
   "RightName": "WriteDacl",
   "IsInherited": true,
   "PrincipalSID": "COMPLYEDGE.COM-S-1-5-32-544",
   "PrincipalType": "Group"
  }
 ],
 "HasSIDHistory": [],
 "IsDeleted": false,
 "Status": null,
 "IsACLProtected": false
}],"meta":{"methods":0,"type":"computers","count":2, "version":5}}