{"data":[{
 "ObjectIdentifier": "29E78504-07D3-4322-8988-157383283603",
 "Properties": {
  "domain": "COMPLYEDGE.COM",
  "name": "CEGROUPS@COMPLYEDGE.COM",
  "distinguishedname": "OU=CEGROUPS,DC=COMPLYEDGE,DC=COM",
  "domainsid": "S-1-5-21-1416213050-106196312-571527550",
  "highvalue": false,
  "blocksinheritance": false,
  "description": null,
  "whencreated": 1594852502
 },
 "IsDeleted": false,
 "IsACLProtected": false,
 "Aces": [
  {
   "RightName": "Owns",
   "IsInherited": false,
   "PrincipalSID": "S-1-5-21-1416213050-106196312-571527550-512",
   "PrincipalType": "Group"
  },
  {
   "RightName": "GenericAll",
   "IsInherited": false,
   "PrincipalSID": "S-1-5-21-1416213050-106196312-571527550-512",
   "PrincipalType": "Group"
  },
  {
   "RightName": "GenericAll",
   "IsInherited": true,
   "PrincipalSID": "S-1-5-21-1416213050-106196312-571527550-519",
   "PrincipalType": "Group"
  },
  {
   "RightName": "GenericWrite",
   "IsInherited": true,
   "PrincipalSID": "COMPLYEDGE.COM-S-1-5-32-544",
   "PrincipalType": "Group"
  },
  {
   "RightName": "WriteOwner",
   "IsInherited": true,
   "PrincipalSID": "COMPLYEDGE.COM-S-1-5-32-544",
   "PrincipalType": "Group"
  },
  {
   "RightName": "WriteDacl",
   "IsInherited": true,
   "PrincipalSID": "COMPLYEDGE.COM-S-1-5-32-544",
   "PrincipalType": "Group"
  }
 ],
 "Links": [],
 "ChildObjects": [],
 "GPOChanges": {
  "AffectedComputers": [],
  "DcomUsers": [],
  "LocalAdmins": [],
  "PSRemoteUsers": [],
  "RemoteDesktopUsers": []
 }
},{
 "ObjectIdentifier": "EA370FA1-6DAB-4F28-ADF1-68D34BA3E237",
 "Properties": {
  "domain": "COMPLYEDGE.COM",
  "name": "CESERVERS@COMPLYEDGE.COM",
  "distinguishedname": "OU=CESERVERS,DC=COMPLYEDGE,DC=COM",
  "domainsid": "S-1-5-21-1416213050-106196312-571527550",
  "highvalue": false,
  "blocksinheritance": false,
  "description": null,
  "whencreated": 1594852517
 },
 "IsDeleted": false,
 "IsACLProtected": false,
 "Aces": [
  {
   "RightName": "Owns",
   "IsInherited": false,
   "PrincipalSID": "S-1-5-21-1416213050-106196312-571527550-512",
   "PrincipalType": "Group"
  },
  {
   "RightName": "GenericAll",
   "IsInherited": false,
   "PrincipalSID": "S-1-5-21-1416213050-106196312-571527550-512",
   "PrincipalType": "Group"
  },
  {
   "RightName": "GenericAll",
   "IsInherited": true,
   "PrincipalSID": "S-1-5-21-1416213050-106196312-571527550-519",
   "PrincipalType": "Group"
  },
  {
   "RightName": "GenericWrite",
   "IsInherited": true,
   "PrincipalSID": "COMPLYEDGE.COM-S-1-5-32-544",
   "PrincipalType": "Group"
  },
  {
   "RightName": "WriteOwner",
   "IsInherited": true,
   "PrincipalSID": "COMPLYEDGE.COM-S-1-5-32-544",
   "PrincipalType": "Group"
  },
  {
   "RightName": "WriteDacl",
   "IsInherited": true,
   "PrincipalSID": "COMPLYEDGE.COM-S-1-5-32-544",
   "PrincipalType": "Group"
  }
 ],
 "Links": [],
 "ChildObjects": [
  {
   "ObjectIdentifier": "S-1-5-21-1416213050-106196312-571527550-1108",
   "ObjectType": "Computer"
  }
 ],
 "GPOChanges": {
  "AffectedComputers": [],
  "DcomUsers": [],
  "LocalAdmins": [],
  "PSRemoteUsers": [],
  "RemoteDesktopUsers": []
 }
},{
 "ObjectIdentifier": "8F48A167-9BF7-49A0-8441-02A15A43FA36",
 "Properties": {
  "domain": "COMPLYEDGE.COM",
  "name": "CEADMINS@COMPLYEDGE.COM",
  "distinguishedname": "OU=CEADMINS,OU=CEUSERS,DC=COMPLYEDGE,DC=COM",
  "domainsid": "S-1-5-21-1416213050-106196312-571527550",
  "highvalue": false,
  "blocksinheritance": false,
  "description": null,
  "whencreated": 1594845691
 },
 "IsDeleted": false,
 "IsACLProtected": false,
 "Aces": [
  {
   "RightName": "Owns",
   "IsInherited": false,
   "PrincipalSID": "S-1-5-21-1416213050-106196312-571527550-512",
   "PrincipalType": "Group"
  },
  {
   "RightName": "GenericAll",
   "IsInherited": false,
   "PrincipalSID": "S-1-5-21-1416213050-106196312-571527550-512",
   "PrincipalType": "Group"
  },
  {
   "RightName": "GenericAll",
   "IsInherited": true,
   "PrincipalSID": "S-1-5-21-1416213050-106196312-571527550-519",
   "PrincipalType": "Group"
  },
  {
   "RightName": "GenericWrite",
   "IsInherited": true,
   "PrincipalSID": "COMPLYEDGE.COM-S-1-5-32-544",
   "PrincipalType": "Group"
  },
  {
   "RightName": "WriteOwner",
   "IsInherited": true,
   "PrincipalSID": "COMPLYEDGE.COM-S-1-5-32-544",
   "PrincipalType": "Group"
  },
  {
   "RightName": "WriteDacl",
   "IsInherited": true,
   "PrincipalSID": "COMPLYEDGE.COM-S-1-5-32-544",
   "PrincipalType": "Group"
  }
 ],
 "Links": [],
 "ChildObjects": [
  {
   "ObjectIdentifier": "S-1-5-21-1416213050-106196312-571527550-1103",
   "ObjectType": "User"
  },
  {
   "ObjectIdentifier": "S-1-5-21-1416213050-106196312-571527550-1107",
   "ObjectType": "User"
  }
 ],
 "GPOChanges": {
  "AffectedComputers": [],
  "DcomUsers": [],
  "LocalAdmins": [],
  "PSRemoteUsers": [],
  "RemoteDesktopUsers": []
 }
},{
 "ObjectIdentifier": "24AAD486-34B9-4A27-B31A-28E58251B09F",
 "Properties": {
  "domain": "COMPLYEDGE.COM",
  "name": "DOMAIN CONTROLLERS@COMPLYEDGE.COM",
  "distinguishedname": "OU=DOMAIN CONTROLLERS,DC=COMPLYEDGE,DC=COM",
  "domainsid": "S-1-5-21-1416213050-106196312-571527550",
  "highvalue": false,
  "blocksinheritance": false,
  "description": "Default container for domain controllers",
  "whencreated": 1594844805
 },
 "IsDeleted": false,
 "IsACLProtected": false,
 "Aces": [
  {
   "RightName": "Owns",
   "IsInherited": false,
   "PrincipalSID": "S-1-5-21-1416213050-106196312-571527550-512",
   "PrincipalType": "Group"
  },
  {
   "RightName": "GenericWrite",
   "IsInherited": false,
   "PrincipalSID": "S-1-5-21-1416213050-106196312-571527550-512",
   "PrincipalType": "Group"
  },
  {
   "RightName": "WriteOwner",
   "IsInherited": false,
   "PrincipalSID": "S-1-5-21-1416213050-106196312-571527550-512",
   "PrincipalType": "Group"
  },
  {
   "RightName": "WriteDacl",
   "IsInherited": false,
   "PrincipalSID": "S-1-5-21-1416213050-106196312-571527550-512",
   "PrincipalType": "Group"
  },
  {
   "RightName": "GenericAll",
   "IsInherited": true,
   "PrincipalSID": "S-1-5-21-1416213050-106196312-571527550-519",
   "PrincipalType": "Group"
  },
  {
   "RightName": "GenericWrite",
   "IsInherited": true,
   "PrincipalSID": "COMPLYEDGE.COM-S-1-5-32-544",
   "PrincipalType": "Group"
  },
  {
   "RightName": "WriteOwner",
   "IsInherited": true,
   "PrincipalSID": "COMPLYEDGE.COM-S-1-5-32-544",
   "PrincipalType": "Group"
  },
  {
   "RightName": "WriteDacl",
   "IsInherited": true,
   "PrincipalSID": "COMPLYEDGE.COM-S-1-5-32-544",
   "PrincipalType": "Group"
  }
 ],
 "Links": [
  {
   "IsEnforced": false,
   "GUID": "7417C269-935B-4F8E-8886-B9E98710544A"
  }
 ],
 "ChildObjects": [
  {
   "ObjectIdentifier": "S-1-5-21-1416213050-106196312-571527550-1000",
   "ObjectType": "Computer"
  }
 ],
 "GPOChanges": {
  "AffectedComputers": [],
  "DcomUsers": [],
  "LocalAdmins": [],
  "PSRemoteUsers": [],
  "RemoteDesktopUsers": []
 }
},{
 "ObjectIdentifier": "BEC93BE8-249A-43B8-AE04-24ED0F9FACB8",
 "Properties": {
  "domain": "COMPLYEDGE.COM",
  "name": "CEUSERS@COMPLYEDGE.COM",
  "distinguishedname": "OU=CEUSERS,DC=COMPLYEDGE,DC=COM",
  "domainsid": "S-1-5-21-1416213050-106196312-571527550",
  "highvalue": false,
  "blocksinheritance": false,
  "description": null,
  "whencreated": 1594845682
 },
 "IsDeleted": false,
 "IsACLProtected": false,
 "Aces": [
  {
   "RightName": "Owns",
   "IsInherited": false,
   "PrincipalSID": "S-1-5-21-1416213050-106196312-571527550-512",
   "PrincipalType": "Group"
  },
  {
   "RightName": "GenericAll",
   "IsInherited": false,
   "PrincipalSID": "S-1-5-21-1416213050-106196312-571527550-512",
   "PrincipalType": "Group"
  },
  {
   "RightName": "GenericAll",
   "IsInherited": true,
   "PrincipalSID": "S-1-5-21-1416213050-106196312-571527550-519",
   "PrincipalType": "Group"
  },
  {
   "RightName": "GenericWrite",
   "IsInherited": true,
   "PrincipalSID": "COMPLYEDGE.COM-S-1-5-32-544",
   "PrincipalType": "Group"
  },
  {
   "RightName": "WriteOwner",
   "IsInherited": true,
   "PrincipalSID": "COMPLYEDGE.COM-S-1-5-32-544",
   "PrincipalType": "Group"
  },
  {
   "RightName": "WriteDacl",
   "IsInherited": true,
   "PrincipalSID": "COMPLYEDGE.COM-S-1-5-32-544",
   "PrincipalType": "Group"
  }
 ],
 "Links": [],
 "ChildObjects": [
  {
   "ObjectIdentifier": "8F48A167-9BF7-49A0-8441-02A15A43FA36",
   "ObjectType": "OU"
  }
 ],
 "GPOChanges": {
  "AffectedComputers": [],
  "DcomUsers": [],
  "LocalAdmins": [],
  "PSRemoteUsers": [],
  "RemoteDesktopUsers": []
 }
}],"meta":{"methods":0,"type":"ous","count":5, "version":5}}