{"data":[{
 "AllowedToDelegate": [],
 "ObjectIdentifier": "COMPLYEDGE.COM-S-1-5-20",
 "PrimaryGroupSID": null,
 "Properties": {
  "domain": "COMPLYEDGE.COM",
  "domainsid": "S-1-5-21-1416213050-106196312-571527550",
  "name": "NT AUTHORITY@COMPLYEDGE.COM"
 },
 "Aces": [],
 "SPNTargets": [],
 "HasSIDHistory": [],
 "IsDeleted": false,
 "IsACLProtected": false
},{
 "AllowedToDelegate": [],
 "ObjectIdentifier": "S-1-5-21-1416213050-106196312-571527550-1107",
 "PrimaryGroupSID": "S-1-5-21-1416213050-106196312-571527550-513",
 "Properties": {
  "name": "JIM@COMPLYEDGE.COM",
  "domain": "COMPLYEDGE.COM",
  "domainsid": "S-1-5-21-1416213050-106196312-571527550",
  "distinguishedname": "CN=JIM,OU=CEADMINS,OU=CEUSERS,DC=COMPLYEDGE,DC=COM",
  "unconstraineddelegation": false,
  "trustedtoauth": false,
  "passwordnotreqd": false,
  "enabled": true,
  "lastlogon": 1596390614,
  "lastlogontimestamp": 1596390156,
  "pwdlastset": 1594883252,
  "dontreqpreauth": false,
  "pwdneverexpires": true,
  "sensitive": false,
  "serviceprincipalnames": [],
  "hasspn": false,
  "displayname": "Jim",
  "email": null,
  "title": null,
  "homedirectory": null,
  "description": null,
  "userpassword": null,
  "admincount": false,
  "sidhistory": [],
  "whencreated": 1594883251,
  "unixpassword": null,
  "unicodepassword": null,
  "logonscript": null,
  "samaccountname": "jim",
  "sfupassword": null
 },
 "Aces": [
  {
   "RightName": "Owns",
   "IsInherited": false,
   "PrincipalSID": "S-1-5-21-1416213050-106196312-571527550-512",
   "PrincipalType": "Group"
  },
  {
   "RightName": "GenericAll",
   "IsInherited": false,
   "PrincipalSID": "S-1-5-21-1416213050-106196312-571527550-512",
   "PrincipalType": "Group"
  },
  {
   "RightName": "GenericAll",
   "IsInherited": false,
   "PrincipalSID": "COMPLYEDGE.COM-S-1-5-32-548",
   "PrincipalType": "Group"
  },
  {
   "RightName": "AddKeyCredentialLink",
   "IsInherited": true,
   "PrincipalSID": "S-1-5-21-1416213050-106196312-571527550-526",
   "PrincipalType": "Group"
  },
  {
   "RightName": "AddKeyCredentialLink",
   "IsInherited": true,
   "PrincipalSID": "S-1-5-21-1416213050-106196312-571527550-527",
   "PrincipalType": "Group"
  },
  {
   "RightName": "GenericAll",
   "IsInherited": true,
   "PrincipalSID": "S-1-5-21-1416213050-106196312-571527550-519",
   "PrincipalType": "Group"
  },
  {
   "RightName": "GenericWrite",
   "IsInherited": true,
   "PrincipalSID": "COMPLYEDGE.COM-S-1-5-32-544",
   "PrincipalType": "Group"
  },
  {
   "RightName": "WriteOwner",
   "IsInherited": true,
   "PrincipalSID": "COMPLYEDGE.COM-S-1-5-32-544",
   "PrincipalType": "Group"
  },
  {
   "RightName": "AllExtendedRights",
   "IsInherited": true,
   "PrincipalSID": "COMPLYEDGE.COM-S-1-5-32-544",
   "PrincipalType": "Group"
  },
  {
   "RightName": "WriteDacl",
   "IsInherited": true,
   "PrincipalSID": "COMPLYEDGE.COM-S-1-5-32-544",
   "PrincipalType": "Group"
  }
 ],
 "SPNTargets": [],
 "HasSIDHistory": [],
 "IsDeleted": false,
 "IsACLProtected": false
},{
 "AllowedToDelegate": [],
 "ObjectIdentifier": "S-1-5-21-1416213050-106196312-571527550-1106",
 "PrimaryGroupSID": "S-1-5-21-1416213050-106196312-571527550-513",
 "Properties": {
  "name": "SSHD@COMPLYEDGE.COM",
  "domain": "COMPLYEDGE.COM",
  "domainsid": "S-1-5-21-1416213050-106196312-571527550",
  "distinguishedname": "CN=SSHD,CN=USERS,DC=COMPLYEDGE,DC=COM",
  "unconstraineddelegation": false,
  "trustedtoauth": false,
  "passwordnotreqd": false,
  "enabled": true,
  "lastlogon": 0,
  "lastlogontimestamp": -1,
  "pwdlastset": 1594852545,
  "dontreqpreauth": false,
  "pwdneverexpires": true,
  "sensitive": false,
  "serviceprincipalnames": [],
  "hasspn": false,
  "displayname": "sshd",
  "email": null,
  "title": null,
  "homedirectory": null,
  "description": null,
  "userpassword": null,
  "admincount": false,
  "sidhistory": [],
  "whencreated": 1594852545,
  "unixpassword": null,
  "unicodepassword": null,
  "logonscript": null,
  "samaccountname": "sshd",
  "sfupassword": null
 },
 "Aces": [
  {
   "RightName": "GenericAll",
   "IsInherited": false,
   "PrincipalSID": "S-1-5-21-1416213050-106196312-571527550-512",
   "PrincipalType": "Group"
  },
  {
   "RightName": "GenericAll",
   "IsInherited": false,
   "PrincipalSID": "COMPLYEDGE.COM-S-1-5-32-548",
   "PrincipalType": "Group"
  },
  {
   "RightName": "AddKeyCredentialLink",
   "IsInherited": true,
   "PrincipalSID": "S-1-5-21-1416213050-106196312-571527550-526",
   "PrincipalType": "Group"
  },
  {
   "RightName": "AddKeyCredentialLink",
   "IsInherited": true,
   "PrincipalSID": "S-1-5-21-1416213050-106196312-571527550-527",
   "PrincipalType": "Group"
  },
  {
   "RightName": "GenericAll",
   "IsInherited": true,
   "PrincipalSID": "S-1-5-21-1416213050-106196312-571527550-519",
   "PrincipalType": "Group"
  },
  {
   "RightName": "GenericWrite",
   "IsInherited": true,
   "PrincipalSID": "COMPLYEDGE.COM-S-1-5-32-544",
   "PrincipalType": "Group"
  },
  {
   "RightName": "WriteOwner",
   "IsInherited": true,
   "PrincipalSID": "COMPLYEDGE.COM-S-1-5-32-544",
   "PrincipalType": "Group"
  },
  {
   "RightName": "AllExtendedRights",
   "IsInherited": true,
   "PrincipalSID": "COMPLYEDGE.COM-S-1-5-32-544",
   "PrincipalType": "Group"
  },
  {
   "RightName": "WriteDacl",
   "IsInherited": true,
   "PrincipalSID": "COMPLYEDGE.COM-S-1-5-32-544",
   "PrincipalType": "Group"
  }
 ],
 "SPNTargets": [],
 "HasSIDHistory": [],
 "IsDeleted": false,
 "IsACLProtected": false
},{
 "AllowedToDelegate": [],
 "ObjectIdentifier": "S-1-5-21-1416213050-106196312-571527550-1103",
 "PrimaryGroupSID": "S-1-5-21-1416213050-106196312-571527550-513",
 "Properties": {
  "name": "PETE@COMPLYEDGE.COM",
  "domain": "COMPLYEDGE.COM",
  "domainsid": "S-1-5-21-1416213050-106196312-571527550",
  "distinguishedname": "CN=PETE,OU=CEADMINS,OU=CEUSERS,DC=COMPLYEDGE,DC=COM",
  "unconstraineddelegation": false,
  "trustedtoauth": false,
  "passwordnotreqd": false,
  "enabled": true,
  "lastlogon": 1759194835,
  "lastlogontimestamp": 1759194835,
  "pwdlastset": 1594845725,
  "dontreqpreauth": false,
  "pwdneverexpires": true,
  "sensitive": false,
  "serviceprincipalnames": [],
  "hasspn": false,
  "displayname": "Pete",
  "email": null,
  "title": null,
  "homedirectory": null,
  "description": null,
  "userpassword": null,
  "admincount": true,
  "sidhistory": [],
  "whencreated": 1594845725,
  "unixpassword": null,
  "unicodepassword": null,
  "logonscript": null,
  "samaccountname": "pete",
  "sfupassword": null
 },
 "Aces": [
  {
   "RightName": "Owns",
   "IsInherited": false,
   "PrincipalSID": "S-1-5-21-1416213050-106196312-571527550-512",
   "PrincipalType": "Group"
  },
  {
   "RightName": "GenericWrite",
   "IsInherited": false,
   "PrincipalSID": "S-1-5-21-1416213050-106196312-571527550-512",
   "PrincipalType": "Group"
  },
  {
   "RightName": "WriteOwner",
   "IsInherited": false,
   "PrincipalSID": "S-1-5-21-1416213050-106196312-571527550-512",
   "PrincipalType": "Group"
  },
  {
   "RightName": "AllExtendedRights",
   "IsInherited": false,
   "PrincipalSID": "S-1-5-21-1416213050-106196312-571527550-512",
   "PrincipalType": "Group"
  },
  {
   "RightName": "WriteDacl",
   "IsInherited": false,
   "PrincipalSID": "S-1-5-21-1416213050-106196312-571527550-512",
   "PrincipalType": "Group"
  },
  {
   "RightName": "GenericWrite",
   "IsInherited": false,
   "PrincipalSID": "S-1-5-21-1416213050-106196312-571527550-519",
   "PrincipalType": "Group"
  },
  {
   "RightName": "WriteOwner",
   "IsInherited": false,
   "PrincipalSID": "S-1-5-21-1416213050-106196312-571527550-519",
   "PrincipalType": "Group"
  },
  {
   "RightName": "AllExtendedRights",
   "IsInherited": false,
   "PrincipalSID": "S-1-5-21-1416213050-106196312-571527550-519",
   "PrincipalType": "Group"
  },
  {
   "RightName": "WriteDacl",
   "IsInherited": false,
   "PrincipalSID": "S-1-5-21-1416213050-106196312-571527550-519",
   "PrincipalType": "Group"
  },
  {
   "RightName": "GenericWrite",
   "IsInherited": false,
   "PrincipalSID": "COMPLYEDGE.COM-S-1-5-32-544",
   "PrincipalType": "Group"
  },
  {
   "RightName": "WriteOwner",
   "IsInherited": false,
   "PrincipalSID": "COMPLYEDGE.COM-S-1-5-32-544",
   "PrincipalType": "Group"
  },
  {
   "RightName": "AllExtendedRights",
   "IsInherited": false,
   "PrincipalSID": "COMPLYEDGE.COM-S-1-5-32-544",
   "PrincipalType": "Group"
  },
  {
   "RightName": "WriteDacl",
   "IsInherited": false,
   "PrincipalSID": "COMPLYEDGE.COM-S-1-5-32-544",
   "PrincipalType": "Group"
  }
 ],
 "SPNTargets": [],
 "HasSIDHistory": [],
 "IsDeleted": false,
 "IsACLProtected": true
},{
 "AllowedToDelegate": [],
 "ObjectIdentifier": "S-1-5-21-1416213050-106196312-571527550-502",
 "PrimaryGroupSID": "S-1-5-21-1416213050-106196312-571527550-513",
 "Properties": {
  "name": "KRBTGT@COMPLYEDGE.COM",
  "domain": "COMPLYEDGE.COM",
  "domainsid": "S-1-5-21-1416213050-106196312-571527550",
  "distinguishedname": "CN=KRBTGT,CN=USERS,DC=COMPLYEDGE,DC=COM",
  "unconstraineddelegation": false,
  "trustedtoauth": false,
  "passwordnotreqd": false,
  "enabled": false,
  "lastlogon": 0,
  "lastlogontimestamp": -1,
  "pwdlastset": 1594844890,
  "dontreqpreauth": false,
  "pwdneverexpires": false,
  "sensitive": false,
  "serviceprincipalnames": [
   "kadmin/changepw"
  ],
  "hasspn": true,
  "displayname": null,
  "email": null,
  "title": null,
  "homedirectory": null,
  "description": "Key Distribution Center Service Account",
  "userpassword": null,
  "admincount": true,
  "sidhistory": [],
  "whencreated": 1594844890,
  "unixpassword": null,
  "unicodepassword": null,
  "logonscript": null,
  "samaccountname": "krbtgt",
  "sfupassword": null
 },
 "Aces": [
  {
   "RightName": "Owns",
   "IsInherited": false,
   "PrincipalSID": "S-1-5-21-1416213050-106196312-571527550-512",
   "PrincipalType": "Group"
  },
  {
   "RightName": "GenericWrite",
   "IsInherited": false,
   "PrincipalSID": "S-1-5-21-1416213050-106196312-571527550-512",
   "PrincipalType": "Group"
  },
  {
   "RightName": "WriteOwner",
   "IsInherited": false,
   "PrincipalSID": "S-1-5-21-1416213050-106196312-571527550-512",
   "PrincipalType": "Group"
  },
  {
   "RightName": "AllExtendedRights",
   "IsInherited": false,
   "PrincipalSID": "S-1-5-21-1416213050-106196312-571527550-512",
   "PrincipalType": "Group"
  },
  {
   "RightName": "WriteDacl",
   "IsInherited": false,
   "PrincipalSID": "S-1-5-21-1416213050-106196312-571527550-512",
   "PrincipalType": "Group"
  },
  {
   "RightName": "GenericWrite",
   "IsInherited": false,
   "PrincipalSID": "S-1-5-21-1416213050-106196312-571527550-519",
   "PrincipalType": "Group"
  },
  {
   "RightName": "WriteOwner",
   "IsInherited": false,
   "PrincipalSID": "S-1-5-21-1416213050-106196312-571527550-519",
   "PrincipalType": "Group"
  },
  {
   "RightName": "AllExtendedRights",
   "IsInherited": false,
   "PrincipalSID": "S-1-5-21-1416213050-106196312-571527550-519",
   "PrincipalType": "Group"
  },
  {
   "RightName": "WriteDacl",
   "IsInherited": false,
   "PrincipalSID": "S-1-5-21-1416213050-106196312-571527550-519",
   "PrincipalType": "Group"
  },
  {
   "RightName": "GenericWrite",
   "IsInherited": false,
   "PrincipalSID": "COMPLYEDGE.COM-S-1-5-32-544",
   "PrincipalType": "Group"
  },
  {
   "RightName": "WriteOwner",
   "IsInherited": false,
   "PrincipalSID": "COMPLYEDGE.COM-S-1-5-32-544",
   "PrincipalType": "Group"
  },
  {
   "RightName": "AllExtendedRights",
   "IsInherited": false,
   "PrincipalSID": "COMPLYEDGE.COM-S-1-5-32-544",
   "PrincipalType": "Group"
  },
  {
   "RightName": "WriteDacl",
   "IsInherited": false,
   "PrincipalSID": "COMPLYEDGE.COM-S-1-5-32-544",
   "PrincipalType": "Group"
  }
 ],
 "SPNTargets": [],
 "HasSIDHistory": [],
 "IsDeleted": false,
 "IsACLProtected": true
},{
 "AllowedToDelegate": [],
 "ObjectIdentifier": "S-1-5-21-1416213050-106196312-571527550-500",
 "PrimaryGroupSID": "S-1-5-21-1416213050-106196312-571527550-513",
 "Properties": {
  "name": "ADMINISTRATOR@COMPLYEDGE.COM",
  "domain": "COMPLYEDGE.COM",
  "domainsid": "S-1-5-21-1416213050-106196312-571527550",
  "distinguishedname": "CN=ADMINISTRATOR,CN=USERS,DC=COMPLYEDGE,DC=COM",
  "unconstraineddelegation": false,
  "trustedtoauth": false,
  "passwordnotreqd": false,
  "enabled": true,
  "lastlogon": 1759194779,
  "lastlogontimestamp": 1759194769,
  "pwdlastset": 1596390787,
  "dontreqpreauth": false,
  "pwdneverexpires": true,
  "sensitive": false,
  "serviceprincipalnames": [],
  "hasspn": false,
  "displayname": null,
  "email": null,
  "title": null,
  "homedirectory": null,
  "description": "Built-in account for administering the computer/domain",
  "userpassword": null,
  "admincount": true,
  "sidhistory": [],
  "whencreated": 1594844805,
  "unixpassword": null,
  "unicodepassword": null,
  "logonscript": null,
  "samaccountname": "Administrator",
  "sfupassword": null
 },
 "Aces": [
  {
   "RightName": "Owns",
   "IsInherited": false,
   "PrincipalSID": "S-1-5-21-1416213050-106196312-571527550-512",
   "PrincipalType": "Group"
  },
  {
   "RightName": "GenericWrite",
   "IsInherited": false,
   "PrincipalSID": "S-1-5-21-1416213050-106196312-571527550-512",
   "PrincipalType": "Group"
  },
  {
   "RightName": "WriteOwner",
   "IsInherited": false,
   "PrincipalSID": "S-1-5-21-1416213050-106196312-571527550-512",
   "PrincipalType": "Group"
  },
  {
   "RightName": "AllExtendedRights",
   "IsInherited": false,
   "PrincipalSID": "S-1-5-21-1416213050-106196312-571527550-512",
   "PrincipalType": "Group"
  },
  {
   "RightName": "WriteDacl",
   "IsInherited": false,
   "PrincipalSID": "S-1-5-21-1416213050-106196312-571527550-512",
   "PrincipalType": "Group"
  },
  {
   "RightName": "GenericWrite",
   "IsInherited": false,
   "PrincipalSID": "S-1-5-21-1416213050-106196312-571527550-519",
   "PrincipalType": "Group"
  },
  {
   "RightName": "WriteOwner",
   "IsInherited": false,
   "PrincipalSID": "S-1-5-21-1416213050-106196312-571527550-519",
   "PrincipalType": "Group"
  },
  {
   "RightName": "AllExtendedRights",
   "IsInherited": false,
   "PrincipalSID": "S-1-5-21-1416213050-106196312-571527550-519",
   "PrincipalType": "Group"
  },
  {
   "RightName": "WriteDacl",
   "IsInherited": false,
   "PrincipalSID": "S-1-5-21-1416213050-106196312-571527550-519",
   "PrincipalType": "Group"
  },
  {
   "RightName": "GenericWrite",
   "IsInherited": false,
   "PrincipalSID": "COMPLYEDGE.COM-S-1-5-32-544",
   "PrincipalType": "Group"
  },
  {
   "RightName": "WriteOwner",
   "IsInherited": false,
   "PrincipalSID": "COMPLYEDGE.COM-S-1-5-32-544",
   "PrincipalType": "Group"
  },
  {
   "RightName": "AllExtendedRights",
   "IsInherited": false,
   "PrincipalSID": "COMPLYEDGE.COM-S-1-5-32-544",
   "PrincipalType": "Group"
  },
  {
   "RightName": "WriteDacl",
   "IsInherited": false,
   "PrincipalSID": "COMPLYEDGE.COM-S-1-5-32-544",
   "PrincipalType": "Group"
  }
 ],
 "SPNTargets": [],
 "HasSIDHistory": [],
 "IsDeleted": false,
 "IsACLProtected": true
},{
 "AllowedToDelegate": [],
 "ObjectIdentifier": "S-1-5-21-1416213050-106196312-571527550-501",
 "PrimaryGroupSID": "S-1-5-21-1416213050-106196312-571527550-514",
 "Properties": {
  "name": "GUEST@COMPLYEDGE.COM",
  "domain": "COMPLYEDGE.COM",
  "domainsid": "S-1-5-21-1416213050-106196312-571527550",
  "distinguishedname": "CN=GUEST,CN=USERS,DC=COMPLYEDGE,DC=COM",
  "unconstraineddelegation": false,
  "trustedtoauth": false,
  "passwordnotreqd": true,
  "enabled": false,
  "lastlogon": 0,
  "lastlogontimestamp": -1,
  "pwdlastset": 0,
  "dontreqpreauth": false,
  "pwdneverexpires": true,
  "sensitive": false,
  "serviceprincipalnames": [],
  "hasspn": false,
  "displayname": null,
  "email": null,
  "title": null,
  "homedirectory": null,
  "description": "Built-in account for guest access to the computer/domain",
  "userpassword": null,
  "admincount": false,
  "sidhistory": [],
  "whencreated": 1594844805,
  "unixpassword": null,
  "unicodepassword": null,
  "logonscript": null,
  "samaccountname": "Guest",
  "sfupassword": null
 },
 "Aces": [
  {
   "RightName": "Owns",
   "IsInherited": false,
   "PrincipalSID": "COMPLYEDGE.COM-S-1-5-32-544",
   "PrincipalType": "Group"
  },
  {
   "RightName": "GenericAll",
   "IsInherited": false,
   "PrincipalSID": "S-1-5-21-1416213050-106196312-571527550-512",
   "PrincipalType": "Group"
  },
  {
   "RightName": "GenericAll",
   "IsInherited": false,
   "PrincipalSID": "COMPLYEDGE.COM-S-1-5-32-548",
   "PrincipalType": "Group"
  },
  {
   "RightName": "AddKeyCredentialLink",
   "IsInherited": true,
   "PrincipalSID": "S-1-5-21-1416213050-106196312-571527550-526",
   "PrincipalType": "Group"
  },
  {
   "RightName": "AddKeyCredentialLink",
   "IsInherited": true,
   "PrincipalSID": "S-1-5-21-1416213050-106196312-571527550-527",
   "PrincipalType": "Group"
  },
  {
   "RightName": "GenericAll",
   "IsInherited": true,
   "PrincipalSID": "S-1-5-21-1416213050-106196312-571527550-519",
   "PrincipalType": "Group"
  },
  {
   "RightName": "GenericWrite",
   "IsInherited": true,
   "PrincipalSID": "COMPLYEDGE.COM-S-1-5-32-544",
   "PrincipalType": "Group"
  },
  {
   "RightName": "WriteOwner",
   "IsInherited": true,
   "PrincipalSID": "COMPLYEDGE.COM-S-1-5-32-544",
   "PrincipalType": "Group"
  },
  {
   "RightName": "AllExtendedRights",
   "IsInherited": true,
   "PrincipalSID": "COMPLYEDGE.COM-S-1-5-32-544",
   "PrincipalType": "Group"
  },
  {
   "RightName": "WriteDacl",
   "IsInherited": true,
   "PrincipalSID": "COMPLYEDGE.COM-S-1-5-32-544",
   "PrincipalType": "Group"
  }
 ],
 "SPNTargets": [],
 "HasSIDHistory": [],
 "IsDeleted": false,
 "IsACLProtected": false
}],"meta":{"methods":0,"type":"users","count":7, "version":5}}