{"data":[{"Properties":{"domain":"COWMOTORS-INT.COM","name":"DEV02","distinguishedname":"CN=DEV02,CN=COMPUTERS,DC=COWMOTORS-INT,DC=COM","domainsid":"S-1-5-21-201072640-2662162558-1369038355","samaccountname":"DEV02$","haslaps":false,"doesanyacegrantownerrights":false,"doesanyinheritedacegrantownerrights":false,"isaclprotected":false,"whencreated":1632295515,"enabled":true,"unconstraineddelegation":false,"trustedtoauth":false,"isdc":false,"isreadonlydc":false,"encryptedtextpwdallowed":false,"usedeskeyonly":false,"logonscriptenabled":false,"lockedout":false,"passwordexpired":false,"supportedencryptiontypes":["DES-CBC-CRC","DES-CBC-MD5","RC4-HMAC-MD5","AES128-CTS-HMAC-SHA1-96","AES256-CTS-HMAC-SHA1-96"],"lastlogon":1757405289,"lastlogontimestamp":1757380084,"pwdlastset":1757380090,"serviceprincipalnames":[],"email":null,"useraccountcontrol":69632,"operatingsystem":"pc-linux-gnu","sidhistory":[]},"PrimaryGroupSID":"S-1-5-21-201072640-2662162558-1369038355-515","AllowedToDelegate":[],"AllowedToAct":[],"HasSIDHistory":[],"DumpSMSAPassword":[],"Sessions":{"Results":[],"Collected":false,"FailureReason":null},"PrivilegedSessions":{"Results":[],"Collected":false,"FailureReason":null},"RegistrySessions":{"Results":[],"Collected":false,"FailureReason":null},"LocalGroups":[],"UserRights":[],"DCRegistryData":{"CertificateMappingMethods":null,"StrongCertificateBindingEnforcement":null},"Status":{"Connectable":false,"Error":"NonWindowsOS"},"IsDC":false,"UnconstrainedDelegation":false,"DomainSID":"S-1-5-21-201072640-2662162558-1369038355","IsWebClientRunning":null,"SmbInfo":null,"NtlmSessions":null,"NTLMRegistryData":null,"Aces":[{"PrincipalSID":"S-1-5-21-201072640-2662162558-1369038355-512","PrincipalType":"Group","RightName":"Owns","IsInherited":false,"InheritanceHash":"","IsPermissionForOwnerRightsSid":false,"IsInheritedPermissionForOwnerRightsSid":false},{"PrincipalSID":"COWMOTORS-INT.COM-S-1-5-32-548","PrincipalType":"Group","RightName":"GenericAll","IsInherited":false,"InheritanceHash":"","IsPermissionForOwnerRightsSid":false,"IsInheritedPermissionForOwnerRightsSid":false},{"PrincipalSID":"S-1-5-21-201072640-2662162558-1369038355-512","PrincipalType":"Group","RightName":"GenericAll","IsInherited":false,"InheritanceHash":"","IsPermissionForOwnerRightsSid":false,"IsInheritedPermissionForOwnerRightsSid":false},{"PrincipalSID":"S-1-5-21-201072640-2662162558-1369038355-512","PrincipalType":"Group","RightName":"WriteAccountRestrictions","IsInherited":false,"InheritanceHash":"","IsPermissionForOwnerRightsSid":false,"IsInheritedPermissionForOwnerRightsSid":false},{"PrincipalSID":"S-1-5-21-201072640-2662162558-1369038355-526","PrincipalType":"Group","RightName":"AddKeyCredentialLink","IsInherited":true,"InheritanceHash":"89B02319A69F5FD8C59AD69DB10B74F1D3E2B67C","IsPermissionForOwnerRightsSid":false,"IsInheritedPermissionForOwnerRightsSid":false},{"PrincipalSID":"S-1-5-21-201072640-2662162558-1369038355-527","PrincipalType":"Group","RightName":"AddKeyCredentialLink","IsInherited":true,"InheritanceHash":"165495AACA25A98DF999F2F8D4A78A2BE47790BE","IsPermissionForOwnerRightsSid":false,"IsInheritedPermissionForOwnerRightsSid":false},{"PrincipalSID":"S-1-5-21-201072640-2662162558-1369038355-519","PrincipalType":"Group","RightName":"GenericAll","IsInherited":true,"InheritanceHash":"044B727D4FB50CC79441C171B9168D18E783E5B4","IsPermissionForOwnerRightsSid":false,"IsInheritedPermissionForOwnerRightsSid":false},{"PrincipalSID":"COWMOTORS-INT.COM-S-1-5-32-544","PrincipalType":"Group","RightName":"WriteDacl","IsInherited":true,"InheritanceHash":"62C26D4FB3FF64505B03CDD35D648DFBC6C157CC","IsPermissionForOwnerRightsSid":false,"IsInheritedPermissionForOwnerRightsSid":false},{"PrincipalSID":"COWMOTORS-INT.COM-S-1-5-32-544","PrincipalType":"Group","RightName":"WriteOwner","IsInherited":true,"InheritanceHash":"62C26D4FB3FF64505B03CDD35D648DFBC6C157CC","IsPermissionForOwnerRightsSid":false,"IsInheritedPermissionForOwnerRightsSid":false},{"PrincipalSID":"COWMOTORS-INT.COM-S-1-5-32-544","PrincipalType":"Group","RightName":"GenericWrite","IsInherited":true,"InheritanceHash":"62C26D4FB3FF64505B03CDD35D648DFBC6C157CC","IsPermissionForOwnerRightsSid":false,"IsInheritedPermissionForOwnerRightsSid":false}],"ObjectIdentifier":"S-1-5-21-201072640-2662162558-1369038355-1108","IsDeleted":false,"IsACLProtected":false,"ContainedBy":{"ObjectIdentifier":"F260D094-34C2-404A-9B31-A2DD19CBFB5F","ObjectType":"Container"}},{"Properties":{"domain":"COWMOTORS-INT.COM","name":"DEV03","distinguishedname":"CN=DEV03,CN=COMPUTERS,DC=COWMOTORS-INT,DC=COM","domainsid":"S-1-5-21-201072640-2662162558-1369038355","samaccountname":"DEV03$","haslaps":false,"doesanyacegrantownerrights":false,"doesanyinheritedacegrantownerrights":false,"isaclprotected":false,"whencreated":1632296187,"enabled":true,"unconstraineddelegation":false,"trustedtoauth":false,"isdc":false,"isreadonlydc":false,"encryptedtextpwdallowed":false,"usedeskeyonly":false,"logonscriptenabled":false,"lockedout":false,"passwordexpired":false,"supportedencryptiontypes":["DES-CBC-CRC","DES-CBC-MD5","RC4-HMAC-MD5","AES128-CTS-HMAC-SHA1-96","AES256-CTS-HMAC-SHA1-96"],"lastlogon":1757405626,"lastlogontimestamp":1757380081,"pwdlastset":1757380093,"serviceprincipalnames":[],"email":null,"useraccountcontrol":69632,"operatingsystem":"pc-linux-gnu","sidhistory":[]},"PrimaryGroupSID":"S-1-5-21-201072640-2662162558-1369038355-515","AllowedToDelegate":[],"AllowedToAct":[],"HasSIDHistory":[],"DumpSMSAPassword":[],"Sessions":{"Results":[],"Collected":false,"FailureReason":null},"PrivilegedSessions":{"Results":[],"Collected":false,"FailureReason":null},"RegistrySessions":{"Results":[],"Collected":false,"FailureReason":null},"LocalGroups":[],"UserRights":[],"DCRegistryData":{"CertificateMappingMethods":null,"StrongCertificateBindingEnforcement":null},"Status":{"Connectable":false,"Error":"NonWindowsOS"},"IsDC":false,"UnconstrainedDelegation":false,"DomainSID":"S-1-5-21-201072640-2662162558-1369038355","IsWebClientRunning":null,"SmbInfo":null,"NtlmSessions":null,"NTLMRegistryData":null,"Aces":[{"PrincipalSID":"S-1-5-21-201072640-2662162558-1369038355-512","PrincipalType":"Group","RightName":"Owns","IsInherited":false,"InheritanceHash":"","IsPermissionForOwnerRightsSid":false,"IsInheritedPermissionForOwnerRightsSid":false},{"PrincipalSID":"COWMOTORS-INT.COM-S-1-5-32-548","PrincipalType":"Group","RightName":"GenericAll","IsInherited":false,"InheritanceHash":"","IsPermissionForOwnerRightsSid":false,"IsInheritedPermissionForOwnerRightsSid":false},{"PrincipalSID":"S-1-5-21-201072640-2662162558-1369038355-512","PrincipalType":"Group","RightName":"GenericAll","IsInherited":false,"InheritanceHash":"","IsPermissionForOwnerRightsSid":false,"IsInheritedPermissionForOwnerRightsSid":false},{"PrincipalSID":"S-1-5-21-201072640-2662162558-1369038355-512","PrincipalType":"Group","RightName":"WriteAccountRestrictions","IsInherited":false,"InheritanceHash":"","IsPermissionForOwnerRightsSid":false,"IsInheritedPermissionForOwnerRightsSid":false},{"PrincipalSID":"S-1-5-21-201072640-2662162558-1369038355-526","PrincipalType":"Group","RightName":"AddKeyCredentialLink","IsInherited":true,"InheritanceHash":"89B02319A69F5FD8C59AD69DB10B74F1D3E2B67C","IsPermissionForOwnerRightsSid":false,"IsInheritedPermissionForOwnerRightsSid":false},{"PrincipalSID":"S-1-5-21-201072640-2662162558-1369038355-527","PrincipalType":"Group","RightName":"AddKeyCredentialLink","IsInherited":true,"InheritanceHash":"165495AACA25A98DF999F2F8D4A78A2BE47790BE","IsPermissionForOwnerRightsSid":false,"IsInheritedPermissionForOwnerRightsSid":false},{"PrincipalSID":"S-1-5-21-201072640-2662162558-1369038355-519","PrincipalType":"Group","RightName":"GenericAll","IsInherited":true,"InheritanceHash":"044B727D4FB50CC79441C171B9168D18E783E5B4","IsPermissionForOwnerRightsSid":false,"IsInheritedPermissionForOwnerRightsSid":false},{"PrincipalSID":"COWMOTORS-INT.COM-S-1-5-32-544","PrincipalType":"Group","RightName":"WriteDacl","IsInherited":true,"InheritanceHash":"62C26D4FB3FF64505B03CDD35D648DFBC6C157CC","IsPermissionForOwnerRightsSid":false,"IsInheritedPermissionForOwnerRightsSid":false},{"PrincipalSID":"COWMOTORS-INT.COM-S-1-5-32-544","PrincipalType":"Group","RightName":"WriteOwner","IsInherited":true,"InheritanceHash":"62C26D4FB3FF64505B03CDD35D648DFBC6C157CC","IsPermissionForOwnerRightsSid":false,"IsInheritedPermissionForOwnerRightsSid":false},{"PrincipalSID":"COWMOTORS-INT.COM-S-1-5-32-544","PrincipalType":"Group","RightName":"GenericWrite","IsInherited":true,"InheritanceHash":"62C26D4FB3FF64505B03CDD35D648DFBC6C157CC","IsPermissionForOwnerRightsSid":false,"IsInheritedPermissionForOwnerRightsSid":false}],"ObjectIdentifier":"S-1-5-21-201072640-2662162558-1369038355-1109","IsDeleted":false,"IsACLProtected":false,"ContainedBy":{"ObjectIdentifier":"F260D094-34C2-404A-9B31-A2DD19CBFB5F","ObjectType":"Container"}},{"Properties":{"domain":"COWMOTORS-INT.COM","name":"WEB03.COWMOTORS-INT.COM","distinguishedname":"CN=WEB03,CN=COMPUTERS,DC=COWMOTORS-INT,DC=COM","domainsid":"S-1-5-21-201072640-2662162558-1369038355","samaccountname":"WEB03$","haslaps":false,"doesanyacegrantownerrights":false,"doesanyinheritedacegrantownerrights":false,"isaclprotected":false,"whencreated":1632292136,"enabled":true,"unconstraineddelegation":false,"trustedtoauth":false,"isdc":false,"isreadonlydc":false,"encryptedtextpwdallowed":false,"usedeskeyonly":false,"logonscriptenabled":false,"lockedout":false,"passwordexpired":false,"supportedencryptiontypes":["RC4-HMAC-MD5","AES128-CTS-HMAC-SHA1-96","AES256-CTS-HMAC-SHA1-96"],"lastlogon":1757405429,"lastlogontimestamp":1757380083,"pwdlastset":1757380981,"serviceprincipalnames":["WSMAN/web03","WSMAN/web03.cowmotors-int.com","RestrictedKrbHost/WEB03","HOST/WEB03","RestrictedKrbHost/web03.cowmotors-int.com","HOST/web03.cowmotors-int.com"],"email":null,"useraccountcontrol":4096,"operatingsystem":"Windows Server 2019 Standard","sidhistory":[]},"PrimaryGroupSID":"S-1-5-21-201072640-2662162558-1369038355-515","AllowedToDelegate":[],"AllowedToAct":[],"HasSIDHistory":[],"DumpSMSAPassword":[],"Sessions":{"Results":[],"Collected":false,"FailureReason":"ErrorAccessDenied"},"PrivilegedSessions":{"Results":[],"Collected":false,"FailureReason":"ErrorAccessDenied"},"RegistrySessions":{"Results":[],"Collected":true,"FailureReason":null},"LocalGroups":[],"UserRights":[{"Privilege":"SeRemoteInteractiveLogonRight","Results":[],"LocalNames":[],"Collected":false,"FailureReason":"LSAEnumerateAccountsWithUserRights returned StatusAccessDenied"}],"DCRegistryData":{"CertificateMappingMethods":null,"StrongCertificateBindingEnforcement":null},"Status":null,"IsDC":false,"UnconstrainedDelegation":false,"DomainSID":"S-1-5-21-201072640-2662162558-1369038355","IsWebClientRunning":{"Result":false,"Collected":true,"FailureReason":null},"SmbInfo":{"Result":{"SigningEnabled":false},"Collected":true,"FailureReason":null},"NtlmSessions":null,"NTLMRegistryData":{"Result":null,"Collected":false,"FailureReason":"DotNetWmiRegistryStrategy: Collector failed: The RPC server is unavailable.\r\n.\nInner Exception: \nRemoteRegistryStrategy: Collector failed: Failed to enumerate registry on WEB03.COWMOTORS-INT.COM: SharpHoundRPC.Registry.RemoteRegistryException: Failed to enumerate registry key SYSTEM\\CurrentControlSet\\Control\\Lsa\\MSV1_0 ---> System.Security.SecurityException: Requested registry access is not allowed.\r\n   at System.ThrowHelper.ThrowSecurityException(ExceptionResource resource)\r\n   at Microsoft.Win32.RegistryKey.OpenSubKey(String name, Boolean writable)\r\n   at SharpHoundRPC.Registry.RemoteRegistryStrategy.EnumerateKey(RegistryKey baseKey, String keyPath, RegistryQuery query)\r\n   --- End of inner exception stack trace ---\r\n   at SharpHoundRPC.Registry.RemoteRegistryStrategy.EnumerateKey(RegistryKey baseKey, String keyPath, RegistryQuery query)\r\n   at SharpHoundRPC.Registry.RemoteRegistryStrategy.<>c__DisplayClass4_0.<ExecuteAsync>b__0().\nInner Exception: SharpHoundRPC.Registry.RemoteRegistryException: Failed to enumerate registry key SYSTEM\\CurrentControlSet\\Control\\Lsa\\MSV1_0 ---> System.Security.SecurityException: Requested registry access is not allowed.\r\n   at System.ThrowHelper.ThrowSecurityException(ExceptionResource resource)\r\n   at Microsoft.Win32.RegistryKey.OpenSubKey(String name, Boolean writable)\r\n   at SharpHoundRPC.Registry.RemoteRegistryStrategy.EnumerateKey(RegistryKey baseKey, String keyPath, RegistryQuery query)\r\n   --- End of inner exception stack trace ---\r\n   at SharpHoundRPC.Registry.RemoteRegistryStrategy.EnumerateKey(RegistryKey baseKey, String keyPath, RegistryQuery query)\r\n   at SharpHoundRPC.Registry.RemoteRegistryStrategy.<>c__DisplayClass4_0.<ExecuteAsync>b__0()"},"Aces":[{"PrincipalSID":"S-1-5-21-201072640-2662162558-1369038355-512","PrincipalType":"Group","RightName":"Owns","IsInherited":false,"InheritanceHash":"","IsPermissionForOwnerRightsSid":false,"IsInheritedPermissionForOwnerRightsSid":false},{"PrincipalSID":"COWMOTORS-INT.COM-S-1-5-32-548","PrincipalType":"Group","RightName":"GenericAll","IsInherited":false,"InheritanceHash":"","IsPermissionForOwnerRightsSid":false,"IsInheritedPermissionForOwnerRightsSid":false},{"PrincipalSID":"S-1-5-21-201072640-2662162558-1369038355-512","PrincipalType":"Group","RightName":"GenericAll","IsInherited":false,"InheritanceHash":"","IsPermissionForOwnerRightsSid":false,"IsInheritedPermissionForOwnerRightsSid":false},{"PrincipalSID":"S-1-5-21-201072640-2662162558-1369038355-512","PrincipalType":"Group","RightName":"WriteAccountRestrictions","IsInherited":false,"InheritanceHash":"","IsPermissionForOwnerRightsSid":false,"IsInheritedPermissionForOwnerRightsSid":false},{"PrincipalSID":"S-1-5-21-201072640-2662162558-1369038355-526","PrincipalType":"Group","RightName":"AddKeyCredentialLink","IsInherited":true,"InheritanceHash":"89B02319A69F5FD8C59AD69DB10B74F1D3E2B67C","IsPermissionForOwnerRightsSid":false,"IsInheritedPermissionForOwnerRightsSid":false},{"PrincipalSID":"S-1-5-21-201072640-2662162558-1369038355-527","PrincipalType":"Group","RightName":"AddKeyCredentialLink","IsInherited":true,"InheritanceHash":"165495AACA25A98DF999F2F8D4A78A2BE47790BE","IsPermissionForOwnerRightsSid":false,"IsInheritedPermissionForOwnerRightsSid":false},{"PrincipalSID":"S-1-5-21-201072640-2662162558-1369038355-519","PrincipalType":"Group","RightName":"GenericAll","IsInherited":true,"InheritanceHash":"044B727D4FB50CC79441C171B9168D18E783E5B4","IsPermissionForOwnerRightsSid":false,"IsInheritedPermissionForOwnerRightsSid":false},{"PrincipalSID":"COWMOTORS-INT.COM-S-1-5-32-544","PrincipalType":"Group","RightName":"WriteDacl","IsInherited":true,"InheritanceHash":"62C26D4FB3FF64505B03CDD35D648DFBC6C157CC","IsPermissionForOwnerRightsSid":false,"IsInheritedPermissionForOwnerRightsSid":false},{"PrincipalSID":"COWMOTORS-INT.COM-S-1-5-32-544","PrincipalType":"Group","RightName":"WriteOwner","IsInherited":true,"InheritanceHash":"62C26D4FB3FF64505B03CDD35D648DFBC6C157CC","IsPermissionForOwnerRightsSid":false,"IsInheritedPermissionForOwnerRightsSid":false},{"PrincipalSID":"COWMOTORS-INT.COM-S-1-5-32-544","PrincipalType":"Group","RightName":"GenericWrite","IsInherited":true,"InheritanceHash":"62C26D4FB3FF64505B03CDD35D648DFBC6C157CC","IsPermissionForOwnerRightsSid":false,"IsInheritedPermissionForOwnerRightsSid":false}],"ObjectIdentifier":"S-1-5-21-201072640-2662162558-1369038355-1107","IsDeleted":false,"IsACLProtected":false,"ContainedBy":{"ObjectIdentifier":"F260D094-34C2-404A-9B31-A2DD19CBFB5F","ObjectType":"Container"}},{"Properties":{"domain":"COWMOTORS-INT.COM","name":"DB01.COWMOTORS-INT.COM","distinguishedname":"CN=DB01,CN=COMPUTERS,DC=COWMOTORS-INT,DC=COM","domainsid":"S-1-5-21-201072640-2662162558-1369038355","samaccountname":"DB01$","haslaps":false,"doesanyacegrantownerrights":false,"doesanyinheritedacegrantownerrights":false,"isaclprotected":false,"whencreated":1632291101,"enabled":true,"unconstraineddelegation":false,"trustedtoauth":false,"isdc":false,"isreadonlydc":false,"encryptedtextpwdallowed":false,"usedeskeyonly":false,"logonscriptenabled":false,"lockedout":false,"passwordexpired":false,"supportedencryptiontypes":["RC4-HMAC-MD5","AES128-CTS-HMAC-SHA1-96","AES256-CTS-HMAC-SHA1-96"],"lastlogon":1757405302,"lastlogontimestamp":1757380084,"pwdlastset":1757380981,"serviceprincipalnames":["WSMAN/db01","WSMAN/db01.cowmotors-int.com","RestrictedKrbHost/DB01","HOST/DB01","RestrictedKrbHost/db01.cowmotors-int.com","HOST/db01.cowmotors-int.com"],"email":null,"useraccountcontrol":4096,"operatingsystem":"Windows Server 2019 Standard","sidhistory":[]},"PrimaryGroupSID":"S-1-5-21-201072640-2662162558-1369038355-515","AllowedToDelegate":[],"AllowedToAct":[],"HasSIDHistory":[],"DumpSMSAPassword":[],"Sessions":{"Results":[],"Collected":false,"FailureReason":"ErrorAccessDenied"},"PrivilegedSessions":{"Results":[],"Collected":false,"FailureReason":"ErrorAccessDenied"},"RegistrySessions":{"Results":[],"Collected":true,"FailureReason":null},"LocalGroups":[],"UserRights":[{"Privilege":"SeRemoteInteractiveLogonRight","Results":[],"LocalNames":[],"Collected":false,"FailureReason":"LSAEnumerateAccountsWithUserRights returned StatusAccessDenied"}],"DCRegistryData":{"CertificateMappingMethods":null,"StrongCertificateBindingEnforcement":null},"Status":null,"IsDC":false,"UnconstrainedDelegation":false,"DomainSID":"S-1-5-21-201072640-2662162558-1369038355","IsWebClientRunning":{"Result":false,"Collected":true,"FailureReason":null},"SmbInfo":{"Result":{"SigningEnabled":false},"Collected":true,"FailureReason":null},"NtlmSessions":null,"NTLMRegistryData":{"Result":null,"Collected":false,"FailureReason":"DotNetWmiRegistryStrategy: Collector failed: The RPC server is unavailable.\r\n.\nInner Exception: \nRemoteRegistryStrategy: Collector failed: Failed to enumerate registry on DB01.COWMOTORS-INT.COM: SharpHoundRPC.Registry.RemoteRegistryException: Failed to enumerate registry key SYSTEM\\CurrentControlSet\\Control\\Lsa\\MSV1_0 ---> System.Security.SecurityException: Requested registry access is not allowed.\r\n   at System.ThrowHelper.ThrowSecurityException(ExceptionResource resource)\r\n   at Microsoft.Win32.RegistryKey.OpenSubKey(String name, Boolean writable)\r\n   at SharpHoundRPC.Registry.RemoteRegistryStrategy.EnumerateKey(RegistryKey baseKey, String keyPath, RegistryQuery query)\r\n   --- End of inner exception stack trace ---\r\n   at SharpHoundRPC.Registry.RemoteRegistryStrategy.EnumerateKey(RegistryKey baseKey, String keyPath, RegistryQuery query)\r\n   at SharpHoundRPC.Registry.RemoteRegistryStrategy.<>c__DisplayClass4_0.<ExecuteAsync>b__0().\nInner Exception: SharpHoundRPC.Registry.RemoteRegistryException: Failed to enumerate registry key SYSTEM\\CurrentControlSet\\Control\\Lsa\\MSV1_0 ---> System.Security.SecurityException: Requested registry access is not allowed.\r\n   at System.ThrowHelper.ThrowSecurityException(ExceptionResource resource)\r\n   at Microsoft.Win32.RegistryKey.OpenSubKey(String name, Boolean writable)\r\n   at SharpHoundRPC.Registry.RemoteRegistryStrategy.EnumerateKey(RegistryKey baseKey, String keyPath, RegistryQuery query)\r\n   --- End of inner exception stack trace ---\r\n   at SharpHoundRPC.Registry.RemoteRegistryStrategy.EnumerateKey(RegistryKey baseKey, String keyPath, RegistryQuery query)\r\n   at SharpHoundRPC.Registry.RemoteRegistryStrategy.<>c__DisplayClass4_0.<ExecuteAsync>b__0()"},"Aces":[{"PrincipalSID":"S-1-5-21-201072640-2662162558-1369038355-512","PrincipalType":"Group","RightName":"Owns","IsInherited":false,"InheritanceHash":"","IsPermissionForOwnerRightsSid":false,"IsInheritedPermissionForOwnerRightsSid":false},{"PrincipalSID":"COWMOTORS-INT.COM-S-1-5-32-548","PrincipalType":"Group","RightName":"GenericAll","IsInherited":false,"InheritanceHash":"","IsPermissionForOwnerRightsSid":false,"IsInheritedPermissionForOwnerRightsSid":false},{"PrincipalSID":"S-1-5-21-201072640-2662162558-1369038355-512","PrincipalType":"Group","RightName":"GenericAll","IsInherited":false,"InheritanceHash":"","IsPermissionForOwnerRightsSid":false,"IsInheritedPermissionForOwnerRightsSid":false},{"PrincipalSID":"S-1-5-21-201072640-2662162558-1369038355-512","PrincipalType":"Group","RightName":"WriteAccountRestrictions","IsInherited":false,"InheritanceHash":"","IsPermissionForOwnerRightsSid":false,"IsInheritedPermissionForOwnerRightsSid":false},{"PrincipalSID":"S-1-5-21-201072640-2662162558-1369038355-526","PrincipalType":"Group","RightName":"AddKeyCredentialLink","IsInherited":true,"InheritanceHash":"89B02319A69F5FD8C59AD69DB10B74F1D3E2B67C","IsPermissionForOwnerRightsSid":false,"IsInheritedPermissionForOwnerRightsSid":false},{"PrincipalSID":"S-1-5-21-201072640-2662162558-1369038355-527","PrincipalType":"Group","RightName":"AddKeyCredentialLink","IsInherited":true,"InheritanceHash":"165495AACA25A98DF999F2F8D4A78A2BE47790BE","IsPermissionForOwnerRightsSid":false,"IsInheritedPermissionForOwnerRightsSid":false},{"PrincipalSID":"S-1-5-21-201072640-2662162558-1369038355-519","PrincipalType":"Group","RightName":"GenericAll","IsInherited":true,"InheritanceHash":"044B727D4FB50CC79441C171B9168D18E783E5B4","IsPermissionForOwnerRightsSid":false,"IsInheritedPermissionForOwnerRightsSid":false},{"PrincipalSID":"COWMOTORS-INT.COM-S-1-5-32-544","PrincipalType":"Group","RightName":"WriteDacl","IsInherited":true,"InheritanceHash":"62C26D4FB3FF64505B03CDD35D648DFBC6C157CC","IsPermissionForOwnerRightsSid":false,"IsInheritedPermissionForOwnerRightsSid":false},{"PrincipalSID":"COWMOTORS-INT.COM-S-1-5-32-544","PrincipalType":"Group","RightName":"WriteOwner","IsInherited":true,"InheritanceHash":"62C26D4FB3FF64505B03CDD35D648DFBC6C157CC","IsPermissionForOwnerRightsSid":false,"IsInheritedPermissionForOwnerRightsSid":false},{"PrincipalSID":"COWMOTORS-INT.COM-S-1-5-32-544","PrincipalType":"Group","RightName":"GenericWrite","IsInherited":true,"InheritanceHash":"62C26D4FB3FF64505B03CDD35D648DFBC6C157CC","IsPermissionForOwnerRightsSid":false,"IsInheritedPermissionForOwnerRightsSid":false}],"ObjectIdentifier":"S-1-5-21-201072640-2662162558-1369038355-1103","IsDeleted":false,"IsACLProtected":false,"ContainedBy":{"ObjectIdentifier":"F260D094-34C2-404A-9B31-A2DD19CBFB5F","ObjectType":"Container"}},{"Properties":{"domain":"COWMOTORS-INT.COM","name":"WEB01.COWMOTORS-INT.COM","distinguishedname":"CN=WEB01,OU=DEV-SERVERS,DC=COWMOTORS-INT,DC=COM","domainsid":"S-1-5-21-201072640-2662162558-1369038355","samaccountname":"WEB01$","haslaps":false,"doesanyacegrantownerrights":false,"doesanyinheritedacegrantownerrights":false,"isaclprotected":false,"whencreated":1632291265,"enabled":true,"unconstraineddelegation":false,"trustedtoauth":false,"isdc":false,"isreadonlydc":false,"encryptedtextpwdallowed":false,"usedeskeyonly":false,"logonscriptenabled":false,"lockedout":false,"passwordexpired":false,"supportedencryptiontypes":["RC4-HMAC-MD5","AES128-CTS-HMAC-SHA1-96","AES256-CTS-HMAC-SHA1-96"],"lastlogon":1757405305,"lastlogontimestamp":1757380085,"pwdlastset":1757380984,"serviceprincipalnames":["WSMAN/web01","WSMAN/web01.cowmotors-int.com","RestrictedKrbHost/WEB01","HOST/WEB01","RestrictedKrbHost/web01.cowmotors-int.com","HOST/web01.cowmotors-int.com"],"email":null,"useraccountcontrol":4096,"operatingsystem":"Windows Server 2019 Standard","sidhistory":[]},"PrimaryGroupSID":"S-1-5-21-201072640-2662162558-1369038355-515","AllowedToDelegate":[],"AllowedToAct":[],"HasSIDHistory":[],"DumpSMSAPassword":[],"Sessions":{"Results":[],"Collected":false,"FailureReason":"ErrorAccessDenied"},"PrivilegedSessions":{"Results":[],"Collected":false,"FailureReason":"ErrorAccessDenied"},"RegistrySessions":{"Results":[{"UserSID":"S-1-5-21-201072640-2662162558-1369038355-1132","ComputerSID":"S-1-5-21-201072640-2662162558-1369038355-1104"}],"Collected":true,"FailureReason":null},"LocalGroups":[],"UserRights":[{"Privilege":"SeRemoteInteractiveLogonRight","Results":[],"LocalNames":[],"Collected":false,"FailureReason":"LSAEnumerateAccountsWithUserRights returned StatusAccessDenied"}],"DCRegistryData":{"CertificateMappingMethods":null,"StrongCertificateBindingEnforcement":null},"Status":null,"IsDC":false,"UnconstrainedDelegation":false,"DomainSID":"S-1-5-21-201072640-2662162558-1369038355","IsWebClientRunning":{"Result":false,"Collected":true,"FailureReason":null},"SmbInfo":{"Result":{"SigningEnabled":false},"Collected":true,"FailureReason":null},"NtlmSessions":null,"NTLMRegistryData":{"Result":null,"Collected":false,"FailureReason":"DotNetWmiRegistryStrategy: Collector failed: The RPC server is unavailable.\r\n.\nInner Exception: \nRemoteRegistryStrategy: Collector failed: Failed to enumerate registry on WEB01.COWMOTORS-INT.COM: SharpHoundRPC.Registry.RemoteRegistryException: Failed to enumerate registry key SYSTEM\\CurrentControlSet\\Control\\Lsa\\MSV1_0 ---> System.Security.SecurityException: Requested registry access is not allowed.\r\n   at System.ThrowHelper.ThrowSecurityException(ExceptionResource resource)\r\n   at Microsoft.Win32.RegistryKey.OpenSubKey(String name, Boolean writable)\r\n   at SharpHoundRPC.Registry.RemoteRegistryStrategy.EnumerateKey(RegistryKey baseKey, String keyPath, RegistryQuery query)\r\n   --- End of inner exception stack trace ---\r\n   at SharpHoundRPC.Registry.RemoteRegistryStrategy.EnumerateKey(RegistryKey baseKey, String keyPath, RegistryQuery query)\r\n   at SharpHoundRPC.Registry.RemoteRegistryStrategy.<>c__DisplayClass4_0.<ExecuteAsync>b__0().\nInner Exception: SharpHoundRPC.Registry.RemoteRegistryException: Failed to enumerate registry key SYSTEM\\CurrentControlSet\\Control\\Lsa\\MSV1_0 ---> System.Security.SecurityException: Requested registry access is not allowed.\r\n   at System.ThrowHelper.ThrowSecurityException(ExceptionResource resource)\r\n   at Microsoft.Win32.RegistryKey.OpenSubKey(String name, Boolean writable)\r\n   at SharpHoundRPC.Registry.RemoteRegistryStrategy.EnumerateKey(RegistryKey baseKey, String keyPath, RegistryQuery query)\r\n   --- End of inner exception stack trace ---\r\n   at SharpHoundRPC.Registry.RemoteRegistryStrategy.EnumerateKey(RegistryKey baseKey, String keyPath, RegistryQuery query)\r\n   at SharpHoundRPC.Registry.RemoteRegistryStrategy.<>c__DisplayClass4_0.<ExecuteAsync>b__0()"},"Aces":[{"PrincipalSID":"S-1-5-21-201072640-2662162558-1369038355-512","PrincipalType":"Group","RightName":"Owns","IsInherited":false,"InheritanceHash":"","IsPermissionForOwnerRightsSid":false,"IsInheritedPermissionForOwnerRightsSid":false},{"PrincipalSID":"COWMOTORS-INT.COM-S-1-5-32-548","PrincipalType":"Group","RightName":"GenericAll","IsInherited":false,"InheritanceHash":"","IsPermissionForOwnerRightsSid":false,"IsInheritedPermissionForOwnerRightsSid":false},{"PrincipalSID":"S-1-5-21-201072640-2662162558-1369038355-512","PrincipalType":"Group","RightName":"GenericAll","IsInherited":false,"InheritanceHash":"","IsPermissionForOwnerRightsSid":false,"IsInheritedPermissionForOwnerRightsSid":false},{"PrincipalSID":"S-1-5-21-201072640-2662162558-1369038355-512","PrincipalType":"Group","RightName":"WriteAccountRestrictions","IsInherited":false,"InheritanceHash":"","IsPermissionForOwnerRightsSid":false,"IsInheritedPermissionForOwnerRightsSid":false},{"PrincipalSID":"S-1-5-21-201072640-2662162558-1369038355-1132","PrincipalType":"User","RightName":"GenericWrite","IsInherited":true,"InheritanceHash":"DBA23E8AAFD1E4B387D0241486DBEF09567FC4E2","IsPermissionForOwnerRightsSid":false,"IsInheritedPermissionForOwnerRightsSid":false},{"PrincipalSID":"S-1-5-21-201072640-2662162558-1369038355-526","PrincipalType":"Group","RightName":"AddKeyCredentialLink","IsInherited":true,"InheritanceHash":"89B02319A69F5FD8C59AD69DB10B74F1D3E2B67C","IsPermissionForOwnerRightsSid":false,"IsInheritedPermissionForOwnerRightsSid":false},{"PrincipalSID":"S-1-5-21-201072640-2662162558-1369038355-527","PrincipalType":"Group","RightName":"AddKeyCredentialLink","IsInherited":true,"InheritanceHash":"165495AACA25A98DF999F2F8D4A78A2BE47790BE","IsPermissionForOwnerRightsSid":false,"IsInheritedPermissionForOwnerRightsSid":false},{"PrincipalSID":"S-1-5-21-201072640-2662162558-1369038355-519","PrincipalType":"Group","RightName":"GenericAll","IsInherited":true,"InheritanceHash":"044B727D4FB50CC79441C171B9168D18E783E5B4","IsPermissionForOwnerRightsSid":false,"IsInheritedPermissionForOwnerRightsSid":false},{"PrincipalSID":"COWMOTORS-INT.COM-S-1-5-32-544","PrincipalType":"Group","RightName":"WriteDacl","IsInherited":true,"InheritanceHash":"62C26D4FB3FF64505B03CDD35D648DFBC6C157CC","IsPermissionForOwnerRightsSid":false,"IsInheritedPermissionForOwnerRightsSid":false},{"PrincipalSID":"COWMOTORS-INT.COM-S-1-5-32-544","PrincipalType":"Group","RightName":"WriteOwner","IsInherited":true,"InheritanceHash":"62C26D4FB3FF64505B03CDD35D648DFBC6C157CC","IsPermissionForOwnerRightsSid":false,"IsInheritedPermissionForOwnerRightsSid":false},{"PrincipalSID":"COWMOTORS-INT.COM-S-1-5-32-544","PrincipalType":"Group","RightName":"GenericWrite","IsInherited":true,"InheritanceHash":"62C26D4FB3FF64505B03CDD35D648DFBC6C157CC","IsPermissionForOwnerRightsSid":false,"IsInheritedPermissionForOwnerRightsSid":false}],"ObjectIdentifier":"S-1-5-21-201072640-2662162558-1369038355-1104","IsDeleted":false,"IsACLProtected":false,"ContainedBy":{"ObjectIdentifier":"C2FA81AC-A66E-44D0-834B-AF146BDD2C71","ObjectType":"OU"}},{"Properties":{"domain":"COWMOTORS-INT.COM","name":"CLIENT03.COWMOTORS-INT.COM","distinguishedname":"CN=CLIENT03,CN=COMPUTERS,DC=COWMOTORS-INT,DC=COM","domainsid":"S-1-5-21-201072640-2662162558-1369038355","samaccountname":"CLIENT03$","haslaps":false,"doesanyacegrantownerrights":false,"doesanyinheritedacegrantownerrights":false,"isaclprotected":false,"whencreated":1632291530,"enabled":true,"unconstraineddelegation":false,"trustedtoauth":false,"isdc":false,"isreadonlydc":false,"encryptedtextpwdallowed":false,"usedeskeyonly":false,"logonscriptenabled":false,"lockedout":false,"passwordexpired":false,"supportedencryptiontypes":["RC4-HMAC-MD5","AES128-CTS-HMAC-SHA1-96","AES256-CTS-HMAC-SHA1-96"],"lastlogon":1757404671,"lastlogontimestamp":1757380094,"pwdlastset":1757380094,"serviceprincipalnames":["WSMAN/client03","WSMAN/client03.cowmotors-int.com","RestrictedKrbHost/CLIENT03","HOST/CLIENT03","RestrictedKrbHost/client03.cowmotors-int.com","HOST/client03.cowmotors-int.com"],"email":null,"useraccountcontrol":4096,"operatingsystem":"Windows 10 Pro","sidhistory":[]},"PrimaryGroupSID":"S-1-5-21-201072640-2662162558-1369038355-515","AllowedToDelegate":[],"AllowedToAct":[],"HasSIDHistory":[],"DumpSMSAPassword":[],"Sessions":{"Results":[],"Collected":false,"FailureReason":"ErrorAccessDenied"},"PrivilegedSessions":{"Results":[],"Collected":false,"FailureReason":"ErrorAccessDenied"},"RegistrySessions":{"Results":[],"Collected":false,"FailureReason":"The network path was not found.\r\n"},"LocalGroups":[],"UserRights":[{"Privilege":"SeRemoteInteractiveLogonRight","Results":[],"LocalNames":[],"Collected":false,"FailureReason":"LSAEnumerateAccountsWithUserRights returned StatusAccessDenied"}],"DCRegistryData":{"CertificateMappingMethods":null,"StrongCertificateBindingEnforcement":null},"Status":null,"IsDC":false,"UnconstrainedDelegation":false,"DomainSID":"S-1-5-21-201072640-2662162558-1369038355","IsWebClientRunning":{"Result":false,"Collected":true,"FailureReason":null},"SmbInfo":{"Result":{"SigningEnabled":false},"Collected":true,"FailureReason":null},"NtlmSessions":null,"NTLMRegistryData":{"Result":null,"Collected":false,"FailureReason":"DotNetWmiRegistryStrategy: Collector failed: The RPC server is unavailable.\r\n.\nInner Exception: \nRemoteRegistryStrategy: Collector failed: Failed to enumerate registry on CLIENT03.COWMOTORS-INT.COM: SharpHoundRPC.Registry.RemoteRegistryException: Failed to open remote registry base key on CLIENT03.COWMOTORS-INT.COM for hive LocalMachine ---> System.IO.IOException: The network path was not found.\r\n\r\n   at Microsoft.Win32.RegistryKey.Win32ErrorStatic(Int32 errorCode, String str)\r\n   at Microsoft.Win32.RegistryKey.OpenRemoteBaseKey(RegistryHive hKey, String machineName, RegistryView view)\r\n   at SharpHoundRPC.Registry.RemoteRegistryStrategy.OpenRemoteBaseKey(String targetMachine, RegistryHive hive)\r\n   --- End of inner exception stack trace ---\r\n   at SharpHoundRPC.Registry.RemoteRegistryStrategy.OpenRemoteBaseKey(String targetMachine, RegistryHive hive)\r\n   at SharpHoundRPC.Registry.RemoteRegistryStrategy.<>c__DisplayClass4_0.<ExecuteAsync>b__0().\nInner Exception: SharpHoundRPC.Registry.RemoteRegistryException: Failed to open remote registry base key on CLIENT03.COWMOTORS-INT.COM for hive LocalMachine ---> System.IO.IOException: The network path was not found.\r\n\r\n   at Microsoft.Win32.RegistryKey.Win32ErrorStatic(Int32 errorCode, String str)\r\n   at Microsoft.Win32.RegistryKey.OpenRemoteBaseKey(RegistryHive hKey, String machineName, RegistryView view)\r\n   at SharpHoundRPC.Registry.RemoteRegistryStrategy.OpenRemoteBaseKey(String targetMachine, RegistryHive hive)\r\n   --- End of inner exception stack trace ---\r\n   at SharpHoundRPC.Registry.RemoteRegistryStrategy.OpenRemoteBaseKey(String targetMachine, RegistryHive hive)\r\n   at SharpHoundRPC.Registry.RemoteRegistryStrategy.<>c__DisplayClass4_0.<ExecuteAsync>b__0()"},"Aces":[{"PrincipalSID":"S-1-5-21-201072640-2662162558-1369038355-512","PrincipalType":"Group","RightName":"Owns","IsInherited":false,"InheritanceHash":"","IsPermissionForOwnerRightsSid":false,"IsInheritedPermissionForOwnerRightsSid":false},{"PrincipalSID":"COWMOTORS-INT.COM-S-1-5-32-548","PrincipalType":"Group","RightName":"GenericAll","IsInherited":false,"InheritanceHash":"","IsPermissionForOwnerRightsSid":false,"IsInheritedPermissionForOwnerRightsSid":false},{"PrincipalSID":"S-1-5-21-201072640-2662162558-1369038355-512","PrincipalType":"Group","RightName":"GenericAll","IsInherited":false,"InheritanceHash":"","IsPermissionForOwnerRightsSid":false,"IsInheritedPermissionForOwnerRightsSid":false},{"PrincipalSID":"S-1-5-21-201072640-2662162558-1369038355-512","PrincipalType":"Group","RightName":"WriteAccountRestrictions","IsInherited":false,"InheritanceHash":"","IsPermissionForOwnerRightsSid":false,"IsInheritedPermissionForOwnerRightsSid":false},{"PrincipalSID":"S-1-5-21-201072640-2662162558-1369038355-526","PrincipalType":"Group","RightName":"AddKeyCredentialLink","IsInherited":true,"InheritanceHash":"89B02319A69F5FD8C59AD69DB10B74F1D3E2B67C","IsPermissionForOwnerRightsSid":false,"IsInheritedPermissionForOwnerRightsSid":false},{"PrincipalSID":"S-1-5-21-201072640-2662162558-1369038355-527","PrincipalType":"Group","RightName":"AddKeyCredentialLink","IsInherited":true,"InheritanceHash":"165495AACA25A98DF999F2F8D4A78A2BE47790BE","IsPermissionForOwnerRightsSid":false,"IsInheritedPermissionForOwnerRightsSid":false},{"PrincipalSID":"S-1-5-21-201072640-2662162558-1369038355-519","PrincipalType":"Group","RightName":"GenericAll","IsInherited":true,"InheritanceHash":"044B727D4FB50CC79441C171B9168D18E783E5B4","IsPermissionForOwnerRightsSid":false,"IsInheritedPermissionForOwnerRightsSid":false},{"PrincipalSID":"COWMOTORS-INT.COM-S-1-5-32-544","PrincipalType":"Group","RightName":"WriteDacl","IsInherited":true,"InheritanceHash":"62C26D4FB3FF64505B03CDD35D648DFBC6C157CC","IsPermissionForOwnerRightsSid":false,"IsInheritedPermissionForOwnerRightsSid":false},{"PrincipalSID":"COWMOTORS-INT.COM-S-1-5-32-544","PrincipalType":"Group","RightName":"WriteOwner","IsInherited":true,"InheritanceHash":"62C26D4FB3FF64505B03CDD35D648DFBC6C157CC","IsPermissionForOwnerRightsSid":false,"IsInheritedPermissionForOwnerRightsSid":false},{"PrincipalSID":"COWMOTORS-INT.COM-S-1-5-32-544","PrincipalType":"Group","RightName":"GenericWrite","IsInherited":true,"InheritanceHash":"62C26D4FB3FF64505B03CDD35D648DFBC6C157CC","IsPermissionForOwnerRightsSid":false,"IsInheritedPermissionForOwnerRightsSid":false}],"ObjectIdentifier":"S-1-5-21-201072640-2662162558-1369038355-1105","IsDeleted":false,"IsACLProtected":false,"ContainedBy":{"ObjectIdentifier":"F260D094-34C2-404A-9B31-A2DD19CBFB5F","ObjectType":"Container"}},{"Properties":{"domain":"COWMOTORS-INT.COM","name":"DC02.COWMOTORS-INT.COM","distinguishedname":"CN=DC02,OU=DOMAIN CONTROLLERS,DC=COWMOTORS-INT,DC=COM","domainsid":"S-1-5-21-201072640-2662162558-1369038355","samaccountname":"DC02$","haslaps":false,"doesanyacegrantownerrights":false,"doesanyinheritedacegrantownerrights":false,"isaclprotected":false,"whencreated":1632236967,"enabled":true,"unconstraineddelegation":true,"trustedtoauth":false,"isdc":true,"isreadonlydc":false,"encryptedtextpwdallowed":false,"usedeskeyonly":false,"logonscriptenabled":false,"lockedout":false,"passwordexpired":false,"supportedencryptiontypes":["RC4-HMAC-MD5","AES128-CTS-HMAC-SHA1-96","AES256-CTS-HMAC-SHA1-96"],"lastlogon":1757386135,"lastlogontimestamp":1757069363,"pwdlastset":1757069339,"serviceprincipalnames":["Dfsr-12F9A27C-BF97-4787-9364-D31B6C55EB04/dc02.cowmotors-int.com","ldap/dc02.cowmotors-int.com/ForestDnsZones.cowmotors-int.com","ldap/dc02.cowmotors-int.com/DomainDnsZones.cowmotors-int.com","DNS/dc02.cowmotors-int.com","GC/dc02.cowmotors-int.com/cowmotors-int.com","RestrictedKrbHost/dc02.cowmotors-int.com","RestrictedKrbHost/DC02","RPC/49f8c31d-80d1-4d96-9861-6ca5ee09bc22._msdcs.cowmotors-int.com","HOST/DC02/COWMOTORS-INT","HOST/dc02.cowmotors-int.com/COWMOTORS-INT","HOST/DC02","HOST/dc02.cowmotors-int.com","HOST/dc02.cowmotors-int.com/cowmotors-int.com","E3514235-4B06-11D1-AB04-00C04FC2DCD2/49f8c31d-80d1-4d96-9861-6ca5ee09bc22/cowmotors-int.com","ldap/DC02/COWMOTORS-INT","ldap/49f8c31d-80d1-4d96-9861-6ca5ee09bc22._msdcs.cowmotors-int.com","ldap/dc02.cowmotors-int.com/COWMOTORS-INT","ldap/DC02","ldap/dc02.cowmotors-int.com","ldap/dc02.cowmotors-int.com/cowmotors-int.com"],"email":null,"useraccountcontrol":532480,"operatingsystem":"Windows Server 2019 Standard","sidhistory":[],"ldapavailable":true,"ldapsavailable":true,"ldapsepa":true,"ldapsigning":true},"PrimaryGroupSID":"S-1-5-21-201072640-2662162558-1369038355-516","AllowedToDelegate":[],"AllowedToAct":[],"HasSIDHistory":[],"DumpSMSAPassword":[],"Sessions":{"Results":[],"Collected":false,"FailureReason":"ErrorAccessDenied"},"PrivilegedSessions":{"Results":[],"Collected":false,"FailureReason":"ErrorAccessDenied"},"RegistrySessions":{"Results":[],"Collected":true,"FailureReason":null},"LocalGroups":[{"ObjectIdentifier":"COWMOTORS-INT.COM-S-1-5-32-549","Name":"IGNOREME","Results":[],"LocalNames":[],"Collected":true,"FailureReason":null},{"ObjectIdentifier":"COWMOTORS-INT.COM-S-1-5-32-548","Name":"IGNOREME","Results":[],"LocalNames":[],"Collected":true,"FailureReason":null},{"ObjectIdentifier":"COWMOTORS-INT.COM-S-1-5-32-554","Name":"IGNOREME","Results":[{"ObjectIdentifier":"COWMOTORS-INT.COM-S-1-5-11","ObjectType":"Group"}],"LocalNames":[],"Collected":true,"FailureReason":null},{"ObjectIdentifier":"COWMOTORS-INT.COM-S-1-5-32-557","Name":"IGNOREME","Results":[],"LocalNames":[],"Collected":true,"FailureReason":null},{"ObjectIdentifier":"COWMOTORS-INT.COM-S-1-5-32-560","Name":"IGNOREME","Results":[{"ObjectIdentifier":"COWMOTORS-INT.COM-S-1-5-9","ObjectType":"Group"}],"LocalNames":[],"Collected":true,"FailureReason":null},{"ObjectIdentifier":"COWMOTORS-INT.COM-S-1-5-32-561","Name":"IGNOREME","Results":[],"LocalNames":[],"Collected":true,"FailureReason":null},{"ObjectIdentifier":"COWMOTORS-INT.COM-S-1-5-32-544","Name":"IGNOREME","Results":[{"ObjectIdentifier":"S-1-5-21-201072640-2662162558-1369038355-500","ObjectType":"User"},{"ObjectIdentifier":"S-1-5-21-201072640-2662162558-1369038355-519","ObjectType":"Group"},{"ObjectIdentifier":"S-1-5-21-201072640-2662162558-1369038355-512","ObjectType":"Group"}],"LocalNames":[],"Collected":true,"FailureReason":null},{"ObjectIdentifier":"COWMOTORS-INT.COM-S-1-5-32-545","Name":"IGNOREME","Results":[{"ObjectIdentifier":"COWMOTORS-INT.COM-S-1-5-11","ObjectType":"Group"},{"ObjectIdentifier":"S-1-5-21-201072640-2662162558-1369038355-513","ObjectType":"Group"}],"LocalNames":[],"Collected":true,"FailureReason":null},{"ObjectIdentifier":"COWMOTORS-INT.COM-S-1-5-32-546","Name":"IGNOREME","Results":[{"ObjectIdentifier":"S-1-5-21-201072640-2662162558-1369038355-501","ObjectType":"User"},{"ObjectIdentifier":"S-1-5-21-201072640-2662162558-1369038355-514","ObjectType":"Group"}],"LocalNames":[],"Collected":true,"FailureReason":null},{"ObjectIdentifier":"COWMOTORS-INT.COM-S-1-5-32-550","Name":"IGNOREME","Results":[],"LocalNames":[],"Collected":true,"FailureReason":null},{"ObjectIdentifier":"COWMOTORS-INT.COM-S-1-5-32-551","Name":"IGNOREME","Results":[],"LocalNames":[],"Collected":true,"FailureReason":null},{"ObjectIdentifier":"COWMOTORS-INT.COM-S-1-5-32-552","Name":"IGNOREME","Results":[],"LocalNames":[],"Collected":true,"FailureReason":null},{"ObjectIdentifier":"COWMOTORS-INT.COM-S-1-5-32-555","Name":"IGNOREME","Results":[],"LocalNames":[],"Collected":true,"FailureReason":null},{"ObjectIdentifier":"COWMOTORS-INT.COM-S-1-5-32-556","Name":"IGNOREME","Results":[],"LocalNames":[],"Collected":true,"FailureReason":null},{"ObjectIdentifier":"COWMOTORS-INT.COM-S-1-5-32-558","Name":"IGNOREME","Results":[],"LocalNames":[],"Collected":true,"FailureReason":null},{"ObjectIdentifier":"COWMOTORS-INT.COM-S-1-5-32-559","Name":"IGNOREME","Results":[],"LocalNames":[],"Collected":true,"FailureReason":null},{"ObjectIdentifier":"COWMOTORS-INT.COM-S-1-5-32-562","Name":"IGNOREME","Results":[],"LocalNames":[],"Collected":true,"FailureReason":null},{"ObjectIdentifier":"COWMOTORS-INT.COM-S-1-5-32-568","Name":"IGNOREME","Results":[],"LocalNames":[],"Collected":true,"FailureReason":null},{"ObjectIdentifier":"COWMOTORS-INT.COM-S-1-5-32-569","Name":"IGNOREME","Results":[],"LocalNames":[],"Collected":true,"FailureReason":null},{"ObjectIdentifier":"COWMOTORS-INT.COM-S-1-5-32-573","Name":"IGNOREME","Results":[],"LocalNames":[],"Collected":true,"FailureReason":null},{"ObjectIdentifier":"COWMOTORS-INT.COM-S-1-5-32-574","Name":"IGNOREME","Results":[],"LocalNames":[],"Collected":true,"FailureReason":null},{"ObjectIdentifier":"COWMOTORS-INT.COM-S-1-5-32-575","Name":"IGNOREME","Results":[],"LocalNames":[],"Collected":true,"FailureReason":null},{"ObjectIdentifier":"COWMOTORS-INT.COM-S-1-5-32-576","Name":"IGNOREME","Results":[],"LocalNames":[],"Collected":true,"FailureReason":null},{"ObjectIdentifier":"COWMOTORS-INT.COM-S-1-5-32-577","Name":"IGNOREME","Results":[],"LocalNames":[],"Collected":true,"FailureReason":null},{"ObjectIdentifier":"COWMOTORS-INT.COM-S-1-5-32-578","Name":"IGNOREME","Results":[],"LocalNames":[],"Collected":true,"FailureReason":null},{"ObjectIdentifier":"COWMOTORS-INT.COM-S-1-5-32-579","Name":"IGNOREME","Results":[],"LocalNames":[],"Collected":true,"FailureReason":null},{"ObjectIdentifier":"COWMOTORS-INT.COM-S-1-5-32-580","Name":"IGNOREME","Results":[],"LocalNames":[],"Collected":true,"FailureReason":null},{"ObjectIdentifier":"COWMOTORS-INT.COM-S-1-5-32-582","Name":"IGNOREME","Results":[],"LocalNames":[],"Collected":true,"FailureReason":null}],"UserRights":[{"Privilege":"SeRemoteInteractiveLogonRight","Results":[],"LocalNames":[],"Collected":false,"FailureReason":"LSAEnumerateAccountsWithUserRights returned StatusAccessDenied"}],"DCRegistryData":{"CertificateMappingMethods":{"Value":0,"Collected":false,"FailureReason":"User does not have the proper permissions to perform this operation"},"StrongCertificateBindingEnforcement":{"Value":0,"Collected":false,"FailureReason":"User does not have the proper permissions to perform this operation"}},"Status":null,"IsDC":true,"UnconstrainedDelegation":true,"DomainSID":"S-1-5-21-201072640-2662162558-1369038355","IsWebClientRunning":{"Result":false,"Collected":true,"FailureReason":null},"SmbInfo":{"Result":{"SigningEnabled":true},"Collected":true,"FailureReason":null},"NtlmSessions":null,"NTLMRegistryData":{"Result":null,"Collected":false,"FailureReason":"DotNetWmiRegistryStrategy: Collector failed: The RPC server is unavailable.\r\n.\nInner Exception: \nRemoteRegistryStrategy: Collector failed: Failed to enumerate registry on DC02.COWMOTORS-INT.COM: SharpHoundRPC.Registry.RemoteRegistryException: Failed to enumerate registry key SYSTEM\\CurrentControlSet\\Control\\Lsa\\MSV1_0 ---> System.Security.SecurityException: Requested registry access is not allowed.\r\n   at System.ThrowHelper.ThrowSecurityException(ExceptionResource resource)\r\n   at Microsoft.Win32.RegistryKey.OpenSubKey(String name, Boolean writable)\r\n   at SharpHoundRPC.Registry.RemoteRegistryStrategy.EnumerateKey(RegistryKey baseKey, String keyPath, RegistryQuery query)\r\n   --- End of inner exception stack trace ---\r\n   at SharpHoundRPC.Registry.RemoteRegistryStrategy.EnumerateKey(RegistryKey baseKey, String keyPath, RegistryQuery query)\r\n   at SharpHoundRPC.Registry.RemoteRegistryStrategy.<>c__DisplayClass4_0.<ExecuteAsync>b__0().\nInner Exception: SharpHoundRPC.Registry.RemoteRegistryException: Failed to enumerate registry key SYSTEM\\CurrentControlSet\\Control\\Lsa\\MSV1_0 ---> System.Security.SecurityException: Requested registry access is not allowed.\r\n   at System.ThrowHelper.ThrowSecurityException(ExceptionResource resource)\r\n   at Microsoft.Win32.RegistryKey.OpenSubKey(String name, Boolean writable)\r\n   at SharpHoundRPC.Registry.RemoteRegistryStrategy.EnumerateKey(RegistryKey baseKey, String keyPath, RegistryQuery query)\r\n   --- End of inner exception stack trace ---\r\n   at SharpHoundRPC.Registry.RemoteRegistryStrategy.EnumerateKey(RegistryKey baseKey, String keyPath, RegistryQuery query)\r\n   at SharpHoundRPC.Registry.RemoteRegistryStrategy.<>c__DisplayClass4_0.<ExecuteAsync>b__0()"},"Aces":[{"PrincipalSID":"S-1-5-21-201072640-2662162558-1369038355-512","PrincipalType":"Group","RightName":"Owns","IsInherited":false,"InheritanceHash":"","IsPermissionForOwnerRightsSid":false,"IsInheritedPermissionForOwnerRightsSid":false},{"PrincipalSID":"S-1-5-21-201072640-2662162558-1369038355-512","PrincipalType":"Group","RightName":"GenericAll","IsInherited":false,"InheritanceHash":"","IsPermissionForOwnerRightsSid":false,"IsInheritedPermissionForOwnerRightsSid":false},{"PrincipalSID":"S-1-5-21-201072640-2662162558-1369038355-512","PrincipalType":"Group","RightName":"WriteAccountRestrictions","IsInherited":false,"InheritanceHash":"","IsPermissionForOwnerRightsSid":false,"IsInheritedPermissionForOwnerRightsSid":false},{"PrincipalSID":"S-1-5-21-201072640-2662162558-1369038355-526","PrincipalType":"Group","RightName":"AddKeyCredentialLink","IsInherited":true,"InheritanceHash":"89B02319A69F5FD8C59AD69DB10B74F1D3E2B67C","IsPermissionForOwnerRightsSid":false,"IsInheritedPermissionForOwnerRightsSid":false},{"PrincipalSID":"S-1-5-21-201072640-2662162558-1369038355-527","PrincipalType":"Group","RightName":"AddKeyCredentialLink","IsInherited":true,"InheritanceHash":"165495AACA25A98DF999F2F8D4A78A2BE47790BE","IsPermissionForOwnerRightsSid":false,"IsInheritedPermissionForOwnerRightsSid":false},{"PrincipalSID":"S-1-5-21-201072640-2662162558-1369038355-519","PrincipalType":"Group","RightName":"GenericAll","IsInherited":true,"InheritanceHash":"044B727D4FB50CC79441C171B9168D18E783E5B4","IsPermissionForOwnerRightsSid":false,"IsInheritedPermissionForOwnerRightsSid":false},{"PrincipalSID":"COWMOTORS-INT.COM-S-1-5-32-544","PrincipalType":"Group","RightName":"WriteDacl","IsInherited":true,"InheritanceHash":"62C26D4FB3FF64505B03CDD35D648DFBC6C157CC","IsPermissionForOwnerRightsSid":false,"IsInheritedPermissionForOwnerRightsSid":false},{"PrincipalSID":"COWMOTORS-INT.COM-S-1-5-32-544","PrincipalType":"Group","RightName":"WriteOwner","IsInherited":true,"InheritanceHash":"62C26D4FB3FF64505B03CDD35D648DFBC6C157CC","IsPermissionForOwnerRightsSid":false,"IsInheritedPermissionForOwnerRightsSid":false},{"PrincipalSID":"COWMOTORS-INT.COM-S-1-5-32-544","PrincipalType":"Group","RightName":"GenericWrite","IsInherited":true,"InheritanceHash":"62C26D4FB3FF64505B03CDD35D648DFBC6C157CC","IsPermissionForOwnerRightsSid":false,"IsInheritedPermissionForOwnerRightsSid":false}],"ObjectIdentifier":"S-1-5-21-201072640-2662162558-1369038355-1000","IsDeleted":false,"IsACLProtected":false,"ContainedBy":{"ObjectIdentifier":"6D4FA366-8AF1-4368-8E68-78702425E60E","ObjectType":"OU"}},{"Properties":{"domain":"COWMOTORS-INT.COM","name":"CLIENT02.COWMOTORS-INT.COM","distinguishedname":"CN=CLIENT02,CN=COMPUTERS,DC=COWMOTORS-INT,DC=COM","domainsid":"S-1-5-21-201072640-2662162558-1369038355","samaccountname":"CLIENT02$","haslaps":false,"doesanyacegrantownerrights":false,"doesanyinheritedacegrantownerrights":false,"isaclprotected":false,"whencreated":1632291929,"enabled":true,"unconstraineddelegation":false,"trustedtoauth":false,"isdc":false,"isreadonlydc":false,"encryptedtextpwdallowed":false,"usedeskeyonly":false,"logonscriptenabled":false,"lockedout":false,"passwordexpired":false,"supportedencryptiontypes":["RC4-HMAC-MD5","AES128-CTS-HMAC-SHA1-96","AES256-CTS-HMAC-SHA1-96"],"lastlogon":1757405882,"lastlogontimestamp":1757380095,"pwdlastset":1757380095,"serviceprincipalnames":["WSMAN/client02","WSMAN/client02.cowmotors-int.com","RestrictedKrbHost/CLIENT02","HOST/CLIENT02","RestrictedKrbHost/client02.cowmotors-int.com","HOST/client02.cowmotors-int.com"],"email":null,"useraccountcontrol":4096,"operatingsystem":"Windows 10 Pro","sidhistory":[]},"PrimaryGroupSID":"S-1-5-21-201072640-2662162558-1369038355-515","AllowedToDelegate":[],"AllowedToAct":[],"HasSIDHistory":[],"DumpSMSAPassword":[],"Sessions":{"Results":[],"Collected":true,"FailureReason":null},"PrivilegedSessions":{"Results":[{"UserSID":"S-1-5-21-201072640-2662162558-1369038355-1126","ComputerSID":"S-1-5-21-201072640-2662162558-1369038355-1106"}],"Collected":true,"FailureReason":null},"RegistrySessions":{"Results":[],"Collected":false,"FailureReason":"The network path was not found.\r\n"},"LocalGroups":[{"ObjectIdentifier":"S-1-5-21-201072640-2662162558-1369038355-1106-579","Name":"ACCESS CONTROL ASSISTANCE OPERATORS@CLIENT02.COWMOTORS-INT.COM","Results":[],"LocalNames":[],"Collected":true,"FailureReason":null},{"ObjectIdentifier":"S-1-5-21-201072640-2662162558-1369038355-1106-544","Name":"ADMINISTRATORS@CLIENT02.COWMOTORS-INT.COM","Results":[{"ObjectIdentifier":"S-1-5-21-201072640-2662162558-1369038355-512","ObjectType":"Group"}],"LocalNames":[],"Collected":true,"FailureReason":null},{"ObjectIdentifier":"S-1-5-21-201072640-2662162558-1369038355-1106-551","Name":"BACKUP OPERATORS@CLIENT02.COWMOTORS-INT.COM","Results":[],"LocalNames":[],"Collected":true,"FailureReason":null},{"ObjectIdentifier":"S-1-5-21-201072640-2662162558-1369038355-1106-569","Name":"CRYPTOGRAPHIC OPERATORS@CLIENT02.COWMOTORS-INT.COM","Results":[],"LocalNames":[],"Collected":true,"FailureReason":null},{"ObjectIdentifier":"S-1-5-21-201072640-2662162558-1369038355-1106-583","Name":"DEVICE OWNERS@CLIENT02.COWMOTORS-INT.COM","Results":[],"LocalNames":[],"Collected":true,"FailureReason":null},{"ObjectIdentifier":"S-1-5-21-201072640-2662162558-1369038355-1106-562","Name":"DISTRIBUTED COM USERS@CLIENT02.COWMOTORS-INT.COM","Results":[],"LocalNames":[],"Collected":true,"FailureReason":null},{"ObjectIdentifier":"S-1-5-21-201072640-2662162558-1369038355-1106-573","Name":"EVENT LOG READERS@CLIENT02.COWMOTORS-INT.COM","Results":[],"LocalNames":[],"Collected":true,"FailureReason":null},{"ObjectIdentifier":"S-1-5-21-201072640-2662162558-1369038355-1106-546","Name":"GUESTS@CLIENT02.COWMOTORS-INT.COM","Results":[],"LocalNames":[],"Collected":true,"FailureReason":null},{"ObjectIdentifier":"S-1-5-21-201072640-2662162558-1369038355-1106-578","Name":"HYPER-V ADMINISTRATORS@CLIENT02.COWMOTORS-INT.COM","Results":[],"LocalNames":[],"Collected":true,"FailureReason":null},{"ObjectIdentifier":"S-1-5-21-201072640-2662162558-1369038355-1106-568","Name":"IIS_IUSRS@CLIENT02.COWMOTORS-INT.COM","Results":[],"LocalNames":[],"Collected":true,"FailureReason":null},{"ObjectIdentifier":"S-1-5-21-201072640-2662162558-1369038355-1106-556","Name":"NETWORK CONFIGURATION OPERATORS@CLIENT02.COWMOTORS-INT.COM","Results":[],"LocalNames":[],"Collected":true,"FailureReason":null},{"ObjectIdentifier":"S-1-5-21-201072640-2662162558-1369038355-1106-559","Name":"PERFORMANCE LOG USERS@CLIENT02.COWMOTORS-INT.COM","Results":[],"LocalNames":[],"Collected":true,"FailureReason":null},{"ObjectIdentifier":"S-1-5-21-201072640-2662162558-1369038355-1106-558","Name":"PERFORMANCE MONITOR USERS@CLIENT02.COWMOTORS-INT.COM","Results":[],"LocalNames":[],"Collected":true,"FailureReason":null},{"ObjectIdentifier":"S-1-5-21-201072640-2662162558-1369038355-1106-547","Name":"POWER USERS@CLIENT02.COWMOTORS-INT.COM","Results":[],"LocalNames":[],"Collected":true,"FailureReason":null},{"ObjectIdentifier":"S-1-5-21-201072640-2662162558-1369038355-1106-555","Name":"REMOTE DESKTOP USERS@CLIENT02.COWMOTORS-INT.COM","Results":[],"LocalNames":[],"Collected":true,"FailureReason":null},{"ObjectIdentifier":"S-1-5-21-201072640-2662162558-1369038355-1106-580","Name":"REMOTE MANAGEMENT USERS@CLIENT02.COWMOTORS-INT.COM","Results":[],"LocalNames":[],"Collected":true,"FailureReason":null},{"ObjectIdentifier":"S-1-5-21-201072640-2662162558-1369038355-1106-552","Name":"REPLICATOR@CLIENT02.COWMOTORS-INT.COM","Results":[],"LocalNames":[],"Collected":true,"FailureReason":null},{"ObjectIdentifier":"S-1-5-21-201072640-2662162558-1369038355-1106-581","Name":"SYSTEM MANAGED ACCOUNTS GROUP@CLIENT02.COWMOTORS-INT.COM","Results":[],"LocalNames":[],"Collected":true,"FailureReason":null},{"ObjectIdentifier":"S-1-5-21-201072640-2662162558-1369038355-1106-545","Name":"USERS@CLIENT02.COWMOTORS-INT.COM","Results":[{"ObjectIdentifier":"COWMOTORS-INT.COM-S-1-5-11","ObjectType":"Group"},{"ObjectIdentifier":"S-1-5-21-201072640-2662162558-1369038355-513","ObjectType":"Group"}],"LocalNames":[],"Collected":true,"FailureReason":null}],"UserRights":[{"Privilege":"SeRemoteInteractiveLogonRight","Results":[],"LocalNames":[],"Collected":false,"FailureReason":"LSAEnumerateAccountsWithUserRights returned StatusAccessDenied"}],"DCRegistryData":{"CertificateMappingMethods":null,"StrongCertificateBindingEnforcement":null},"Status":null,"IsDC":false,"UnconstrainedDelegation":false,"DomainSID":"S-1-5-21-201072640-2662162558-1369038355","IsWebClientRunning":{"Result":false,"Collected":true,"FailureReason":null},"SmbInfo":{"Result":{"SigningEnabled":false},"Collected":true,"FailureReason":null},"NtlmSessions":null,"NTLMRegistryData":{"Result":{"RestrictSendingNtlmTraffic":null,"RestrictReceivingNtlmTraffic":null,"NtlmMinServerSec":536870912,"NtlmMinClientSec":536870912,"LmCompatibilityLevel":null,"UseMachineId":null,"RequireSecuritySignature":0,"EnableSecuritySignature":0,"ClientAllowedNTLMServers":null},"Collected":true,"FailureReason":null},"Aces":[{"PrincipalSID":"S-1-5-21-201072640-2662162558-1369038355-512","PrincipalType":"Group","RightName":"Owns","IsInherited":false,"InheritanceHash":"","IsPermissionForOwnerRightsSid":false,"IsInheritedPermissionForOwnerRightsSid":false},{"PrincipalSID":"COWMOTORS-INT.COM-S-1-5-32-548","PrincipalType":"Group","RightName":"GenericAll","IsInherited":false,"InheritanceHash":"","IsPermissionForOwnerRightsSid":false,"IsInheritedPermissionForOwnerRightsSid":false},{"PrincipalSID":"S-1-5-21-201072640-2662162558-1369038355-512","PrincipalType":"Group","RightName":"GenericAll","IsInherited":false,"InheritanceHash":"","IsPermissionForOwnerRightsSid":false,"IsInheritedPermissionForOwnerRightsSid":false},{"PrincipalSID":"S-1-5-21-201072640-2662162558-1369038355-512","PrincipalType":"Group","RightName":"WriteAccountRestrictions","IsInherited":false,"InheritanceHash":"","IsPermissionForOwnerRightsSid":false,"IsInheritedPermissionForOwnerRightsSid":false},{"PrincipalSID":"S-1-5-21-201072640-2662162558-1369038355-526","PrincipalType":"Group","RightName":"AddKeyCredentialLink","IsInherited":true,"InheritanceHash":"89B02319A69F5FD8C59AD69DB10B74F1D3E2B67C","IsPermissionForOwnerRightsSid":false,"IsInheritedPermissionForOwnerRightsSid":false},{"PrincipalSID":"S-1-5-21-201072640-2662162558-1369038355-527","PrincipalType":"Group","RightName":"AddKeyCredentialLink","IsInherited":true,"InheritanceHash":"165495AACA25A98DF999F2F8D4A78A2BE47790BE","IsPermissionForOwnerRightsSid":false,"IsInheritedPermissionForOwnerRightsSid":false},{"PrincipalSID":"S-1-5-21-201072640-2662162558-1369038355-519","PrincipalType":"Group","RightName":"GenericAll","IsInherited":true,"InheritanceHash":"044B727D4FB50CC79441C171B9168D18E783E5B4","IsPermissionForOwnerRightsSid":false,"IsInheritedPermissionForOwnerRightsSid":false},{"PrincipalSID":"COWMOTORS-INT.COM-S-1-5-32-544","PrincipalType":"Group","RightName":"WriteDacl","IsInherited":true,"InheritanceHash":"62C26D4FB3FF64505B03CDD35D648DFBC6C157CC","IsPermissionForOwnerRightsSid":false,"IsInheritedPermissionForOwnerRightsSid":false},{"PrincipalSID":"COWMOTORS-INT.COM-S-1-5-32-544","PrincipalType":"Group","RightName":"WriteOwner","IsInherited":true,"InheritanceHash":"62C26D4FB3FF64505B03CDD35D648DFBC6C157CC","IsPermissionForOwnerRightsSid":false,"IsInheritedPermissionForOwnerRightsSid":false},{"PrincipalSID":"COWMOTORS-INT.COM-S-1-5-32-544","PrincipalType":"Group","RightName":"GenericWrite","IsInherited":true,"InheritanceHash":"62C26D4FB3FF64505B03CDD35D648DFBC6C157CC","IsPermissionForOwnerRightsSid":false,"IsInheritedPermissionForOwnerRightsSid":false}],"ObjectIdentifier":"S-1-5-21-201072640-2662162558-1369038355-1106","IsDeleted":false,"IsACLProtected":false,"ContainedBy":{"ObjectIdentifier":"F260D094-34C2-404A-9B31-A2DD19CBFB5F","ObjectType":"Container"}}],"meta":{"methods":15725567,"type":"computers","count":8,"version":6,"collectorversion":"2.7.1.0"}}