{"data":[{"GPOChanges":{"LocalAdmins":[],"RemoteDesktopUsers":[],"DcomUsers":[],"PSRemoteUsers":[],"AffectedComputers":[{"ObjectIdentifier":"S-1-5-21-201072640-2662162558-1369038355-1000","ObjectType":"Computer"},{"ObjectIdentifier":"S-1-5-21-201072640-2662162558-1369038355-1103","ObjectType":"Computer"},{"ObjectIdentifier":"S-1-5-21-201072640-2662162558-1369038355-1104","ObjectType":"Computer"},{"ObjectIdentifier":"S-1-5-21-201072640-2662162558-1369038355-1105","ObjectType":"Computer"},{"ObjectIdentifier":"S-1-5-21-201072640-2662162558-1369038355-1106","ObjectType":"Computer"},{"ObjectIdentifier":"S-1-5-21-201072640-2662162558-1369038355-1107","ObjectType":"Computer"},{"ObjectIdentifier":"S-1-5-21-201072640-2662162558-1369038355-1108","ObjectType":"Computer"},{"ObjectIdentifier":"S-1-5-21-201072640-2662162558-1369038355-1109","ObjectType":"Computer"}]},"Properties":{"domain":"COWMOTORS-INT.COM","name":"COWMOTORS-INT.COM","distinguishedname":"DC=COWMOTORS-INT,DC=COM","domainsid":"S-1-5-21-201072640-2662162558-1369038355","doesanyacegrantownerrights":false,"doesanyinheritedacegrantownerrights":false,"isaclprotected":false,"whencreated":1632236919,"expirepasswordsonsmartcardonlyaccounts":true,"machineaccountquota":10,"minpwdlength":7,"pwdproperties":1,"pwdhistorylength":24,"lockoutthreshold":0,"minpwdage":"1 day","maxpwdage":"42 days","lockoutduration":"30 minutes","lockoutobservationwindow":-18000000000,"functionallevel":"2016","netbios":"COWMOTORS-INT","dsheuristics":null,"collected":true},"ChildObjects":[],"Trusts":[{"TargetDomainSid":"S-1-5-21-3354358728-3547774016-1749834382","TargetDomainName":"COWMOTORS-LAB.COM","IsTransitive":true,"SidFilteringEnabled":true,"TGTDelegationEnabled":false,"TrustAttributes":8,"TrustDirection":"Bidirectional","TrustType":"Forest"}],"Links":[{"IsEnforced":false,"GUID":"7FC7D6E6-2F7C-46EB-87FC-CC388D5E07F4"}],"InheritanceHashes":["62C26D4FB3FF64505B03CDD35D648DFBC6C157CC","8A7E70B9447D3D266713CC63539109610AAA6F86","044B727D4FB50CC79441C171B9168D18E783E5B4","3394B12047D813D8E785125F70F036295659396E","C8CE4AAA5C895484A901F72D613EFA95438BFA1A","82F1118FBA43CD2991735436A4256B6401296391","79E657916A6257A3890516F4B5C5749385CE5F20","59E396EE9D1563738E09F4AFF5AD9F6A2B49ED81","3DE3D31BBEDBB149C22B91C4D5D825C27516FC5F","1E2C5E5D6036945B25A0266659639802036FDAE6","EE7C62BD0BDA67AA9375734AD13D1B6CC290585E","195BDF5C18EF348D1E32B3776E15256C3BE6D538","8C74E47810A59795113F55CA35B1B0DBD66C3F83","071E9D07A61B031233EB2CB44ABC2363AA4BA22F","743D89658154E650805272325F934263D6151DED","8F98BE23EF0F9767559FBEAB131B2C5A4BEBD3D6","DD535FBD6F04B9160C8671CC680E942E29CB9B0E","82CDB193747C1F5C2D0BE388A2B7581B8224D361","B6558A8F4A0E7763D7A4B70E4EDA03989DA879C1","89B02319A69F5FD8C59AD69DB10B74F1D3E2B67C","165495AACA25A98DF999F2F8D4A78A2BE47790BE"],"ForestRootIdentifier":"S-1-5-21-201072640-2662162558-1369038355","Aces":[],"ObjectIdentifier":"S-1-5-21-201072640-2662162558-1369038355","IsDeleted":false,"IsACLProtected":false,"ContainedBy":null}],"meta":{"methods":15725567,"type":"domains","count":1,"version":6,"collectorversion":"2.7.1.0"}}