{"data":[{"Properties":{"domain":"COWMOTORS-INT.COM","name":"DEFAULT DOMAIN POLICY@COWMOTORS-INT.COM","distinguishedname":"CN={31B2F340-016D-11D2-945F-00C04FB984F9},CN=POLICIES,CN=SYSTEM,DC=COWMOTORS-INT,DC=COM","domainsid":"S-1-5-21-201072640-2662162558-1369038355","doesanyacegrantownerrights":false,"doesanyinheritedacegrantownerrights":false,"isaclprotected":true,"whencreated":1632236926,"gpcpath":"\\\\COWMOTORS-INT.COM\\SYSVOL\\COWMOTORS-INT.COM\\POLICIES\\{31B2F340-016D-11D2-945F-00C04FB984F9}"},"Aces":[{"PrincipalSID":"S-1-5-21-201072640-2662162558-1369038355-512","PrincipalType":"Group","RightName":"Owns","IsInherited":false,"InheritanceHash":"","IsPermissionForOwnerRightsSid":false,"IsInheritedPermissionForOwnerRightsSid":false},{"PrincipalSID":"S-1-5-21-201072640-2662162558-1369038355-512","PrincipalType":"Group","RightName":"WriteDacl","IsInherited":false,"InheritanceHash":"","IsPermissionForOwnerRightsSid":false,"IsInheritedPermissionForOwnerRightsSid":false},{"PrincipalSID":"S-1-5-21-201072640-2662162558-1369038355-512","PrincipalType":"Group","RightName":"WriteOwner","IsInherited":false,"InheritanceHash":"","IsPermissionForOwnerRightsSid":false,"IsInheritedPermissionForOwnerRightsSid":false},{"PrincipalSID":"S-1-5-21-201072640-2662162558-1369038355-512","PrincipalType":"Group","RightName":"GenericWrite","IsInherited":false,"InheritanceHash":"","IsPermissionForOwnerRightsSid":false,"IsInheritedPermissionForOwnerRightsSid":false},{"PrincipalSID":"S-1-5-21-201072640-2662162558-1369038355-512","PrincipalType":"Group","RightName":"WriteDacl","IsInherited":false,"InheritanceHash":"","IsPermissionForOwnerRightsSid":false,"IsInheritedPermissionForOwnerRightsSid":false},{"PrincipalSID":"S-1-5-21-201072640-2662162558-1369038355-512","PrincipalType":"Group","RightName":"WriteOwner","IsInherited":false,"InheritanceHash":"","IsPermissionForOwnerRightsSid":false,"IsInheritedPermissionForOwnerRightsSid":false},{"PrincipalSID":"S-1-5-21-201072640-2662162558-1369038355-512","PrincipalType":"Group","RightName":"GenericWrite","IsInherited":false,"InheritanceHash":"","IsPermissionForOwnerRightsSid":false,"IsInheritedPermissionForOwnerRightsSid":false},{"PrincipalSID":"S-1-5-21-201072640-2662162558-1369038355-519","PrincipalType":"Group","RightName":"WriteDacl","IsInherited":false,"InheritanceHash":"","IsPermissionForOwnerRightsSid":false,"IsInheritedPermissionForOwnerRightsSid":false},{"PrincipalSID":"S-1-5-21-201072640-2662162558-1369038355-519","PrincipalType":"Group","RightName":"WriteOwner","IsInherited":false,"InheritanceHash":"","IsPermissionForOwnerRightsSid":false,"IsInheritedPermissionForOwnerRightsSid":false},{"PrincipalSID":"S-1-5-21-201072640-2662162558-1369038355-519","PrincipalType":"Group","RightName":"GenericWrite","IsInherited":false,"InheritanceHash":"","IsPermissionForOwnerRightsSid":false,"IsInheritedPermissionForOwnerRightsSid":false}],"ObjectIdentifier":"7FC7D6E6-2F7C-46EB-87FC-CC388D5E07F4","IsDeleted":false,"IsACLProtected":true,"ContainedBy":null},{"Properties":{"domain":"COWMOTORS-INT.COM","name":"DEFAULT DOMAIN CONTROLLERS POLICY@COWMOTORS-INT.COM","distinguishedname":"CN={6AC1786C-016F-11D2-945F-00C04FB984F9},CN=POLICIES,CN=SYSTEM,DC=COWMOTORS-INT,DC=COM","domainsid":"S-1-5-21-201072640-2662162558-1369038355","doesanyacegrantownerrights":false,"doesanyinheritedacegrantownerrights":false,"isaclprotected":true,"whencreated":1632236926,"gpcpath":"\\\\COWMOTORS-INT.COM\\SYSVOL\\COWMOTORS-INT.COM\\POLICIES\\{6AC1786C-016F-11D2-945F-00C04FB984F9}"},"Aces":[{"PrincipalSID":"S-1-5-21-201072640-2662162558-1369038355-512","PrincipalType":"Group","RightName":"Owns","IsInherited":false,"InheritanceHash":"","IsPermissionForOwnerRightsSid":false,"IsInheritedPermissionForOwnerRightsSid":false},{"PrincipalSID":"S-1-5-21-201072640-2662162558-1369038355-512","PrincipalType":"Group","RightName":"WriteDacl","IsInherited":false,"InheritanceHash":"","IsPermissionForOwnerRightsSid":false,"IsInheritedPermissionForOwnerRightsSid":false},{"PrincipalSID":"S-1-5-21-201072640-2662162558-1369038355-512","PrincipalType":"Group","RightName":"WriteOwner","IsInherited":false,"InheritanceHash":"","IsPermissionForOwnerRightsSid":false,"IsInheritedPermissionForOwnerRightsSid":false},{"PrincipalSID":"S-1-5-21-201072640-2662162558-1369038355-512","PrincipalType":"Group","RightName":"GenericWrite","IsInherited":false,"InheritanceHash":"","IsPermissionForOwnerRightsSid":false,"IsInheritedPermissionForOwnerRightsSid":false},{"PrincipalSID":"S-1-5-21-201072640-2662162558-1369038355-512","PrincipalType":"Group","RightName":"WriteDacl","IsInherited":false,"InheritanceHash":"","IsPermissionForOwnerRightsSid":false,"IsInheritedPermissionForOwnerRightsSid":false},{"PrincipalSID":"S-1-5-21-201072640-2662162558-1369038355-512","PrincipalType":"Group","RightName":"WriteOwner","IsInherited":false,"InheritanceHash":"","IsPermissionForOwnerRightsSid":false,"IsInheritedPermissionForOwnerRightsSid":false},{"PrincipalSID":"S-1-5-21-201072640-2662162558-1369038355-512","PrincipalType":"Group","RightName":"GenericWrite","IsInherited":false,"InheritanceHash":"","IsPermissionForOwnerRightsSid":false,"IsInheritedPermissionForOwnerRightsSid":false},{"PrincipalSID":"S-1-5-21-201072640-2662162558-1369038355-519","PrincipalType":"Group","RightName":"WriteDacl","IsInherited":false,"InheritanceHash":"","IsPermissionForOwnerRightsSid":false,"IsInheritedPermissionForOwnerRightsSid":false},{"PrincipalSID":"S-1-5-21-201072640-2662162558-1369038355-519","PrincipalType":"Group","RightName":"WriteOwner","IsInherited":false,"InheritanceHash":"","IsPermissionForOwnerRightsSid":false,"IsInheritedPermissionForOwnerRightsSid":false},{"PrincipalSID":"S-1-5-21-201072640-2662162558-1369038355-519","PrincipalType":"Group","RightName":"GenericWrite","IsInherited":false,"InheritanceHash":"","IsPermissionForOwnerRightsSid":false,"IsInheritedPermissionForOwnerRightsSid":false}],"ObjectIdentifier":"71E51623-DA7A-49AA-8FCD-ADE9C1E13212","IsDeleted":false,"IsACLProtected":true,"ContainedBy":null}],"meta":{"methods":15725567,"type":"gpos","count":2,"version":6,"collectorversion":"2.7.1.0"}}